filename,age,cases,admitted,admittedIcu,died,gender,left,right,date,country
Actualizacion_53_COVID-19.pdf,0-9,129,34,1,0,Both,0,10,2020-03-23,Spain
Actualizacion_53_COVID-19.pdf,0-9,64,15,0,0,Female,0,10,2020-03-23,Spain
Actualizacion_53_COVID-19.pdf,0-9,65,19,1,0,Male,0,10,2020-03-23,Spain
Actualizacion_53_COVID-19.pdf,10-19,221,15,0,0,Both,10,20,2020-03-23,Spain
Actualizacion_53_COVID-19.pdf,10-19,123,10,0,0,Female,10,20,2020-03-23,Spain
Actualizacion_53_COVID-19.pdf,10-19,98,6,0,0,Male,10,20,2020-03-23,Spain
Actualizacion_53_COVID-19.pdf,20-29,1285,183,8,4,Both,20,30,2020-03-23,Spain
Actualizacion_53_COVID-19.pdf,20-29,724,78,4,1,Female,20,30,2020-03-23,Spain
Actualizacion_53_COVID-19.pdf,20-29,559,104,4,3,Male,20,30,2020-03-23,Spain
Actualizacion_53_COVID-19.pdf,30-39,2208,365,15,3,Both,30,40,2020-03-23,Spain
Actualizacion_53_COVID-19.pdf,30-39,1258,192,7,1,Female,30,40,2020-03-23,Spain
Actualizacion_53_COVID-19.pdf,30-39,949,187,8,2,Male,30,40,2020-03-23,Spain
Actualizacion_53_COVID-19.pdf,40-49,2919,663,40,9,Both,40,50,2020-03-23,Spain
Actualizacion_53_COVID-19.pdf,40-49,1487,262,10,3,Female,40,50,2020-03-23,Spain
Actualizacion_53_COVID-19.pdf,40-49,1428,414,30,6,Male,40,50,2020-03-23,Spain
Actualizacion_53_COVID-19.pdf,50-59,3129,936,89,20,Both,50,60,2020-03-23,Spain
Actualizacion_53_COVID-19.pdf,50-59,1603,377,26,7,Female,50,60,2020-03-23,Spain
Actualizacion_53_COVID-19.pdf,50-59,1520,583,66,13,Male,50,60,2020-03-23,Spain
Actualizacion_53_COVID-19.pdf,60-69,2916,1230,132,63,Both,60,70,2020-03-23,Spain
Actualizacion_53_COVID-19.pdf,60-69,1338,528,49,15,Female,60,70,2020-03-23,Spain
Actualizacion_53_COVID-19.pdf,60-69,1557,738,90,48,Male,60,70,2020-03-23,Spain
Actualizacion_53_COVID-19.pdf,70-79,3132,1678,165,164,Both,70,80,2020-03-23,Spain
Actualizacion_53_COVID-19.pdf,70-79,1237,607,39,42,Female,70,80,2020-03-23,Spain
Actualizacion_53_COVID-19.pdf,70-79,1894,1110,129,122,Male,70,80,2020-03-23,Spain
Actualizacion_53_COVID-19.pdf,80,3020,1710,34,541,Both,80,120,2020-03-23,Spain
Actualizacion_53_COVID-19.pdf,80,1348,726,16,217,Female,80,120,2020-03-23,Spain
Actualizacion_53_COVID-19.pdf,80,1666,1006,21,324,Male,80,120,2020-03-23,Spain
Actualizacion_54_COVID-19.pdf,0-9,130,35,1,0,Both,0,10,2020-03-24,Spain
Actualizacion_54_COVID-19.pdf,0-9,65,15,0,0,Female,0,10,2020-03-24,Spain
Actualizacion_54_COVID-19.pdf,0-9,65,20,1,0,Male,0,10,2020-03-24,Spain
Actualizacion_54_COVID-19.pdf,10-19,226,20,1,1,Both,10,20,2020-03-24,Spain
Actualizacion_54_COVID-19.pdf,10-19,130,13,1,1,Female,10,20,2020-03-24,Spain
Actualizacion_54_COVID-19.pdf,10-19,96,7,0,0,Male,10,20,2020-03-24,Spain
Actualizacion_54_COVID-19.pdf,20-29,1352,200,10,4,Both,20,30,2020-03-24,Spain
Actualizacion_54_COVID-19.pdf,20-29,751,87,5,1,Female,20,30,2020-03-24,Spain
Actualizacion_54_COVID-19.pdf,20-29,599,111,5,3,Male,20,30,2020-03-24,Spain
Actualizacion_54_COVID-19.pdf,30-39,2386,431,18,5,Both,30,40,2020-03-24,Spain
Actualizacion_54_COVID-19.pdf,30-39,1352,213,7,3,Female,30,40,2020-03-24,Spain
Actualizacion_54_COVID-19.pdf,30-39,1034,218,11,2,Male,30,40,2020-03-24,Spain
Actualizacion_54_COVID-19.pdf,40-49,3190,778,45,9,Both,40,50,2020-03-24,Spain
Actualizacion_54_COVID-19.pdf,40-49,1645,298,11,3,Female,40,50,2020-03-24,Spain
Actualizacion_54_COVID-19.pdf,40-49,1541,477,34,6,Male,40,50,2020-03-24,Spain
Actualizacion_54_COVID-19.pdf,50-59,3433,1074,106,22,Both,50,60,2020-03-24,Spain
Actualizacion_54_COVID-19.pdf,50-59,1766,415,31,8,Female,50,60,2020-03-24,Spain
Actualizacion_54_COVID-19.pdf,50-59,1664,658,74,14,Male,50,60,2020-03-24,Spain
Actualizacion_54_COVID-19.pdf,60-69,3179,1432,162,74,Both,60,70,2020-03-24,Spain
Actualizacion_54_COVID-19.pdf,60-69,1465,602,53,18,Female,60,70,2020-03-24,Spain
Actualizacion_54_COVID-19.pdf,60-69,1711,829,109,56,Male,60,70,2020-03-24,Spain
Actualizacion_54_COVID-19.pdf,70-79,3304,1858,192,184,Both,70,80,2020-03-24,Spain
Actualizacion_54_COVID-19.pdf,70-79,1294,665,44,47,Female,70,80,2020-03-24,Spain
Actualizacion_54_COVID-19.pdf,70-79,2010,1193,148,137,Male,70,80,2020-03-24,Spain
Actualizacion_54_COVID-19.pdf,80-89,2545,1470,34,403,Both,80,90,2020-03-24,Spain
Actualizacion_54_COVID-19.pdf,80-89,1092,600,16,150,Female,80,90,2020-03-24,Spain
Actualizacion_54_COVID-19.pdf,80-89,1453,870,18,253,Male,80,90,2020-03-24,Spain
Actualizacion_54_COVID-19.pdf,90,726,401,4,169,Both,90,120,2020-03-24,Spain
Actualizacion_54_COVID-19.pdf,90,406,201,0,84,Female,90,120,2020-03-24,Spain
Actualizacion_54_COVID-19.pdf,90,320,200,4,85,Male,90,120,2020-03-24,Spain
Actualizacion_55_COVID-19.pdf,0-9,134,40,1,0,Both,0,10,2020-03-25,Spain
Actualizacion_55_COVID-19.pdf,0-9,67,16,0,0,Female,0,10,2020-03-25,Spain
Actualizacion_55_COVID-19.pdf,0-9,66,24,1,0,Male,0,10,2020-03-25,Spain
Actualizacion_55_COVID-19.pdf,10-19,230,22,2,1,Both,10,20,2020-03-25,Spain
Actualizacion_55_COVID-19.pdf,10-19,133,16,1,1,Female,10,20,2020-03-25,Spain
Actualizacion_55_COVID-19.pdf,10-19,94,6,0,0,Male,10,20,2020-03-25,Spain
Actualizacion_55_COVID-19.pdf,20-29,1422,217,12,4,Both,20,30,2020-03-25,Spain
Actualizacion_55_COVID-19.pdf,20-29,803,99,5,1,Female,20,30,2020-03-25,Spain
Actualizacion_55_COVID-19.pdf,20-29,617,116,5,3,Male,20,30,2020-03-25,Spain
Actualizacion_55_COVID-19.pdf,30-39,2511,448,23,5,Both,30,40,2020-03-25,Spain
Actualizacion_55_COVID-19.pdf,30-39,1424,223,7,3,Female,30,40,2020-03-25,Spain
Actualizacion_55_COVID-19.pdf,30-39,1086,226,11,2,Male,30,40,2020-03-25,Spain
Actualizacion_55_COVID-19.pdf,40-49,3383,840,59,10,Both,40,50,2020-03-25,Spain
Actualizacion_55_COVID-19.pdf,40-49,1759,320,12,3,Female,40,50,2020-03-25,Spain
Actualizacion_55_COVID-19.pdf,40-49,1618,519,36,7,Male,40,50,2020-03-25,Spain
Actualizacion_55_COVID-19.pdf,50-59,3698,1170,133,22,Both,50,60,2020-03-25,Spain
Actualizacion_55_COVID-19.pdf,50-59,1910,457,31,7,Female,50,60,2020-03-25,Spain
Actualizacion_55_COVID-19.pdf,50-59,1785,715,81,15,Male,50,60,2020-03-25,Spain
Actualizacion_55_COVID-19.pdf,60-69,3403,1551,215,79,Both,60,70,2020-03-25,Spain
Actualizacion_55_COVID-19.pdf,60-69,1561,652,54,20,Female,60,70,2020-03-25,Spain
Actualizacion_55_COVID-19.pdf,60-69,1839,913,119,59,Male,60,70,2020-03-25,Spain
Actualizacion_55_COVID-19.pdf,70-79,3555,2049,248,191,Both,70,80,2020-03-25,Spain
Actualizacion_55_COVID-19.pdf,70-79,1395,745,48,48,Female,70,80,2020-03-25,Spain
Actualizacion_55_COVID-19.pdf,70-79,2158,1313,161,143,Male,70,80,2020-03-25,Spain
Actualizacion_55_COVID-19.pdf,80-89,2736,1590,70,428,Both,80,90,2020-03-25,Spain
Actualizacion_55_COVID-19.pdf,80-89,1176,655,17,159,Female,80,90,2020-03-25,Spain
Actualizacion_55_COVID-19.pdf,80-89,1560,945,19,269,Male,80,90,2020-03-25,Spain
Actualizacion_55_COVID-19.pdf,90,800,434,19,178,Both,90,120,2020-03-25,Spain
Actualizacion_55_COVID-19.pdf,90,448,222,0,89,Female,90,120,2020-03-25,Spain
Actualizacion_55_COVID-19.pdf,90,352,219,4,89,Male,90,120,2020-03-25,Spain
Actualizacion_56_COVID-19.pdf,0-9,175,44,1,0,Both,0,10,2020-03-26,Spain
Actualizacion_56_COVID-19.pdf,0-9,80,19,0,0,Female,0,10,2020-03-26,Spain
Actualizacion_56_COVID-19.pdf,0-9,95,26,1,0,Male,0,10,2020-03-26,Spain
Actualizacion_56_COVID-19.pdf,10-19,302,30,1,1,Both,10,20,2020-03-26,Spain
Actualizacion_56_COVID-19.pdf,10-19,167,21,1,1,Female,10,20,2020-03-26,Spain
Actualizacion_56_COVID-19.pdf,10-19,135,12,0,0,Male,10,20,2020-03-26,Spain
Actualizacion_56_COVID-19.pdf,20-29,1932,282,15,4,Both,20,30,2020-03-26,Spain
Actualizacion_56_COVID-19.pdf,20-29,1139,144,7,0,Female,20,30,2020-03-26,Spain
Actualizacion_56_COVID-19.pdf,20-29,790,155,8,4,Male,20,30,2020-03-26,Spain
Actualizacion_56_COVID-19.pdf,30-39,3454,631,39,7,Both,30,40,2020-03-26,Spain
Actualizacion_56_COVID-19.pdf,30-39,1967,294,13,4,Female,30,40,2020-03-26,Spain
Actualizacion_56_COVID-19.pdf,30-39,1487,347,26,3,Male,30,40,2020-03-26,Spain
Actualizacion_56_COVID-19.pdf,40-49,5045,1273,94,19,Both,40,50,2020-03-26,Spain
Actualizacion_56_COVID-19.pdf,40-49,2690,528,30,10,Female,40,50,2020-03-26,Spain
Actualizacion_56_COVID-19.pdf,40-49,2355,765,64,9,Male,40,50,2020-03-26,Spain
Actualizacion_56_COVID-19.pdf,50-59,5749,1922,187,35,Both,50,60,2020-03-26,Spain
Actualizacion_56_COVID-19.pdf,50-59,3032,775,53,7,Female,50,60,2020-03-26,Spain
Actualizacion_56_COVID-19.pdf,50-59,2715,1160,133,28,Male,50,60,2020-03-26,Spain
Actualizacion_56_COVID-19.pdf,60-69,5397,2634,333,114,Both,60,70,2020-03-26,Spain
Actualizacion_56_COVID-19.pdf,60-69,2516,1087,100,41,Female,60,70,2020-03-26,Spain
Actualizacion_56_COVID-19.pdf,60-69,2879,1546,233,73,Male,60,70,2020-03-26,Spain
Actualizacion_56_COVID-19.pdf,70-79,5377,3378,404,303,Both,70,80,2020-03-26,Spain
Actualizacion_56_COVID-19.pdf,70-79,2152,1224,97,84,Female,70,80,2020-03-26,Spain
Actualizacion_56_COVID-19.pdf,70-79,3223,2139,307,219,Male,70,80,2020-03-26,Spain
Actualizacion_56_COVID-19.pdf,80-89,4080,2527,52,594,Both,80,90,2020-03-26,Spain
Actualizacion_56_COVID-19.pdf,80-89,1843,1045,22,230,Female,80,90,2020-03-26,Spain
Actualizacion_56_COVID-19.pdf,80-89,2237,1473,30,364,Male,80,90,2020-03-26,Spain
Actualizacion_56_COVID-19.pdf,90,1305,704,5,249,Both,90,120,2020-03-26,Spain
Actualizacion_56_COVID-19.pdf,90,777,375,0,121,Female,90,120,2020-03-26,Spain
Actualizacion_56_COVID-19.pdf,90,528,324,5,128,Male,90,120,2020-03-26,Spain
Actualizacion_57_COVID-19.pdf,0-9,181,46,1,0,Both,0,10,2020-03-27,Spain
Actualizacion_57_COVID-19.pdf,0-9,82,19,0,0,Female,0,10,2020-03-27,Spain
Actualizacion_57_COVID-19.pdf,0-9,99,27,1,0,Male,0,10,2020-03-27,Spain
Actualizacion_57_COVID-19.pdf,10-19,312,36,1,1,Both,10,20,2020-03-27,Spain
Actualizacion_57_COVID-19.pdf,10-19,170,20,1,1,Female,10,20,2020-03-27,Spain
Actualizacion_57_COVID-19.pdf,10-19,142,16,0,0,Male,10,20,2020-03-27,Spain
Actualizacion_57_COVID-19.pdf,20-29,2011,295,16,4,Both,20,30,2020-03-27,Spain
Actualizacion_57_COVID-19.pdf,20-29,1186,132,7,0,Female,20,30,2020-03-27,Spain
Actualizacion_57_COVID-19.pdf,20-29,822,161,9,4,Male,20,30,2020-03-27,Spain
Actualizacion_57_COVID-19.pdf,30-39,3575,655,41,7,Both,30,40,2020-03-27,Spain
Actualizacion_57_COVID-19.pdf,30-39,2037,293,13,4,Female,30,40,2020-03-27,Spain
Actualizacion_57_COVID-19.pdf,30-39,1538,362,28,3,Male,30,40,2020-03-27,Spain
Actualizacion_57_COVID-19.pdf,40-49,5242,1348,99,19,Both,40,50,2020-03-27,Spain
Actualizacion_57_COVID-19.pdf,40-49,2798,533,30,10,Female,40,50,2020-03-27,Spain
Actualizacion_57_COVID-19.pdf,40-49,2444,815,69,9,Male,40,50,2020-03-27,Spain
Actualizacion_57_COVID-19.pdf,50-59,6030,2044,205,35,Both,50,60,2020-03-27,Spain
Actualizacion_57_COVID-19.pdf,50-59,3178,808,63,7,Female,50,60,2020-03-27,Spain
Actualizacion_57_COVID-19.pdf,50-59,2850,1235,141,28,Male,50,60,2020-03-27,Spain
Actualizacion_57_COVID-19.pdf,60-69,5633,2784,360,119,Both,60,70,2020-03-27,Spain
Actualizacion_57_COVID-19.pdf,60-69,2636,1157,103,44,Female,60,70,2020-03-27,Spain
Actualizacion_57_COVID-19.pdf,60-69,2995,1627,257,75,Male,60,70,2020-03-27,Spain
Actualizacion_57_COVID-19.pdf,70-79,5620,3575,454,319,Both,70,80,2020-03-27,Spain
Actualizacion_57_COVID-19.pdf,70-79,2258,1328,113,89,Female,70,80,2020-03-27,Spain
Actualizacion_57_COVID-19.pdf,70-79,3360,2245,341,230,Male,70,80,2020-03-27,Spain
Actualizacion_57_COVID-19.pdf,80-89,4267,2654,55,608,Both,80,90,2020-03-27,Spain
Actualizacion_57_COVID-19.pdf,80-89,1949,1114,23,239,Female,80,90,2020-03-27,Spain
Actualizacion_57_COVID-19.pdf,80-89,2318,1540,32,369,Male,80,90,2020-03-27,Spain
Actualizacion_57_COVID-19.pdf,90,1378,735,5,255,Both,90,120,2020-03-27,Spain
Actualizacion_57_COVID-19.pdf,90,830,401,0,123,Female,90,120,2020-03-27,Spain
Actualizacion_57_COVID-19.pdf,90,548,334,5,132,Male,90,120,2020-03-27,Spain
Actualizacion_58_COVID-19.pdf,0-9,186,49,1,0,Both,0,10,2020-03-28,Spain
Actualizacion_58_COVID-19.pdf,0-9,83,19,0,0,Female,0,10,2020-03-28,Spain
Actualizacion_58_COVID-19.pdf,0-9,103,30,1,0,Male,0,10,2020-03-28,Spain
Actualizacion_58_COVID-19.pdf,10-19,317,35,1,1,Both,10,20,2020-03-28,Spain
Actualizacion_58_COVID-19.pdf,10-19,174,20,1,1,Female,10,20,2020-03-28,Spain
Actualizacion_58_COVID-19.pdf,10-19,143,15,0,0,Male,10,20,2020-03-28,Spain
Actualizacion_58_COVID-19.pdf,20-29,2088,310,18,4,Both,20,30,2020-03-28,Spain
Actualizacion_58_COVID-19.pdf,20-29,1228,140,8,0,Female,20,30,2020-03-28,Spain
Actualizacion_58_COVID-19.pdf,20-29,857,168,10,4,Male,20,30,2020-03-28,Spain
Actualizacion_58_COVID-19.pdf,30-39,3774,697,41,7,Both,30,40,2020-03-28,Spain
Actualizacion_58_COVID-19.pdf,30-39,2148,314,13,4,Female,30,40,2020-03-28,Spain
Actualizacion_58_COVID-19.pdf,30-39,1626,383,28,3,Male,30,40,2020-03-28,Spain
Actualizacion_58_COVID-19.pdf,40-49,5551,1460,108,19,Both,40,50,2020-03-28,Spain
Actualizacion_58_COVID-19.pdf,40-49,2973,580,32,10,Female,40,50,2020-03-28,Spain
Actualizacion_58_COVID-19.pdf,40-49,2578,880,76,9,Male,40,50,2020-03-28,Spain
Actualizacion_58_COVID-19.pdf,50-59,6424,2201,227,37,Both,50,60,2020-03-28,Spain
Actualizacion_58_COVID-19.pdf,50-59,3368,869,67,8,Female,50,60,2020-03-28,Spain
Actualizacion_58_COVID-19.pdf,50-59,3054,1331,159,29,Male,50,60,2020-03-28,Spain
Actualizacion_58_COVID-19.pdf,60-69,5980,2999,392,123,Both,60,70,2020-03-28,Spain
Actualizacion_58_COVID-19.pdf,60-69,2790,1238,110,45,Female,60,70,2020-03-28,Spain
Actualizacion_58_COVID-19.pdf,60-69,3187,1760,282,78,Male,60,70,2020-03-28,Spain
Actualizacion_58_COVID-19.pdf,70-79,5923,3790,490,343,Both,70,80,2020-03-28,Spain
Actualizacion_58_COVID-19.pdf,70-79,2396,1416,125,95,Female,70,80,2020-03-28,Spain
Actualizacion_58_COVID-19.pdf,70-79,3527,2372,365,248,Male,70,80,2020-03-28,Spain
Actualizacion_58_COVID-19.pdf,80-89,4497,2791,56,642,Both,80,90,2020-03-28,Spain
Actualizacion_58_COVID-19.pdf,80-89,2076,1181,23,258,Female,80,90,2020-03-28,Spain
Actualizacion_58_COVID-19.pdf,80-89,2421,1610,33,384,Male,80,90,2020-03-28,Spain
Actualizacion_58_COVID-19.pdf,90,1465,766,5,266,Both,90,120,2020-03-28,Spain
Actualizacion_58_COVID-19.pdf,90,891,416,0,129,Female,90,120,2020-03-28,Spain
Actualizacion_58_COVID-19.pdf,90,574,350,5,137,Male,90,120,2020-03-28,Spain
Actualizacion_59_COVID-19.pdf,0-9,207,65,3,0,Both,0,10,2020-03-29,Spain
Actualizacion_59_COVID-19.pdf,0-9,96,26,1,0,Female,0,10,2020-03-29,Spain
Actualizacion_59_COVID-19.pdf,0-9,110,39,2,0,Male,0,10,2020-03-29,Spain
Actualizacion_59_COVID-19.pdf,10-19,360,47,2,1,Both,10,20,2020-03-29,Spain
Actualizacion_59_COVID-19.pdf,10-19,195,25,1,1,Female,10,20,2020-03-29,Spain
Actualizacion_59_COVID-19.pdf,10-19,162,22,1,0,Male,10,20,2020-03-29,Spain
Actualizacion_59_COVID-19.pdf,20-29,2802,444,22,6,Both,20,30,2020-03-29,Spain
Actualizacion_59_COVID-19.pdf,20-29,1693,218,9,0,Female,20,30,2020-03-29,Spain
Actualizacion_59_COVID-19.pdf,20-29,1106,224,13,6,Male,20,30,2020-03-29,Spain
Actualizacion_59_COVID-19.pdf,30-39,5168,1070,60,10,Both,30,40,2020-03-29,Spain
Actualizacion_59_COVID-19.pdf,30-39,2957,486,18,5,Female,30,40,2020-03-29,Spain
Actualizacion_59_COVID-19.pdf,30-39,2210,584,42,5,Male,30,40,2020-03-29,Spain
Actualizacion_59_COVID-19.pdf,40-49,7731,2204,134,35,Both,40,50,2020-03-29,Spain
Actualizacion_59_COVID-19.pdf,40-49,4143,886,38,16,Female,40,50,2020-03-29,Spain
Actualizacion_59_COVID-19.pdf,40-49,3586,1317,96,19,Male,40,50,2020-03-29,Spain
Actualizacion_59_COVID-19.pdf,50-59,9135,3350,286,74,Both,50,60,2020-03-29,Spain
Actualizacion_59_COVID-19.pdf,50-59,4751,1293,83,18,Female,50,60,2020-03-29,Spain
Actualizacion_59_COVID-19.pdf,50-59,4382,2056,202,55,Male,50,60,2020-03-29,Spain
Actualizacion_59_COVID-19.pdf,60-69,8495,4459,519,225,Both,60,70,2020-03-29,Spain
Actualizacion_59_COVID-19.pdf,60-69,3903,1804,146,75,Female,60,70,2020-03-29,Spain
Actualizacion_59_COVID-19.pdf,60-69,4589,2654,373,150,Male,60,70,2020-03-29,Spain
Actualizacion_59_COVID-19.pdf,70-79,8416,5729,597,749,Both,70,80,2020-03-29,Spain
Actualizacion_59_COVID-19.pdf,70-79,3422,2176,155,213,Female,70,80,2020-03-29,Spain
Actualizacion_59_COVID-19.pdf,70-79,4994,3551,442,541,Male,70,80,2020-03-29,Spain
Actualizacion_59_COVID-19.pdf,80-89,6117,4054,62,1195,Both,80,90,2020-03-29,Spain
Actualizacion_59_COVID-19.pdf,80-89,2820,1699,24,467,Female,80,90,2020-03-29,Spain
Actualizacion_59_COVID-19.pdf,80-89,3297,2355,38,720,Male,80,90,2020-03-29,Spain
Actualizacion_59_COVID-19.pdf,90,1804,1014,3,438,Both,90,120,2020-03-29,Spain
Actualizacion_59_COVID-19.pdf,90,1074,544,0,215,Female,90,120,2020-03-29,Spain
Actualizacion_59_COVID-19.pdf,90,730,470,3,218,Male,90,120,2020-03-29,Spain
Actualizacion_60_COVID-19.pdf,0-9,212,65,3,0,Both,0,10,2020-03-30,Spain
Actualizacion_60_COVID-19.pdf,0-9,98,26,1,0,Female,0,10,2020-03-30,Spain
Actualizacion_60_COVID-19.pdf,0-9,113,39,2,0,Male,0,10,2020-03-30,Spain
Actualizacion_60_COVID-19.pdf,10-19,368,49,2,1,Both,10,20,2020-03-30,Spain
Actualizacion_60_COVID-19.pdf,10-19,197,26,1,1,Female,10,20,2020-03-30,Spain
Actualizacion_60_COVID-19.pdf,10-19,168,23,1,0,Male,10,20,2020-03-30,Spain
Actualizacion_60_COVID-19.pdf,20-29,2883,451,22,6,Both,20,30,2020-03-30,Spain
Actualizacion_60_COVID-19.pdf,20-29,1749,221,9,0,Female,20,30,2020-03-30,Spain
Actualizacion_60_COVID-19.pdf,20-29,1130,228,13,6,Male,20,30,2020-03-30,Spain
Actualizacion_60_COVID-19.pdf,30-39,5351,1099,65,10,Both,30,40,2020-03-30,Spain
Actualizacion_60_COVID-19.pdf,30-39,3069,503,21,5,Female,30,40,2020-03-30,Spain
Actualizacion_60_COVID-19.pdf,30-39,2281,596,44,5,Male,30,40,2020-03-30,Spain
Actualizacion_60_COVID-19.pdf,40-49,7965,2252,146,36,Both,40,50,2020-03-30,Spain
Actualizacion_60_COVID-19.pdf,40-49,4265,903,44,16,Female,40,50,2020-03-30,Spain
Actualizacion_60_COVID-19.pdf,40-49,3696,1346,101,20,Male,40,50,2020-03-30,Spain
Actualizacion_60_COVID-19.pdf,50-59,9390,3431,295,78,Both,50,60,2020-03-30,Spain
Actualizacion_60_COVID-19.pdf,50-59,4897,1330,87,19,Female,50,60,2020-03-30,Spain
Actualizacion_60_COVID-19.pdf,50-59,4490,2100,207,59,Male,50,60,2020-03-30,Spain
Actualizacion_60_COVID-19.pdf,60-69,8744,4609,555,232,Both,60,70,2020-03-30,Spain
Actualizacion_60_COVID-19.pdf,60-69,4014,1863,157,78,Female,60,70,2020-03-30,Spain
Actualizacion_60_COVID-19.pdf,60-69,4727,2745,398,154,Male,60,70,2020-03-30,Spain
Actualizacion_60_COVID-19.pdf,70-79,8625,5869,620,759,Both,70,80,2020-03-30,Spain
Actualizacion_60_COVID-19.pdf,70-79,3519,2232,160,209,Female,70,80,2020-03-30,Spain
Actualizacion_60_COVID-19.pdf,70-79,5105,3634,460,550,Male,70,80,2020-03-30,Spain
Actualizacion_60_COVID-19.pdf,80-89,6255,4137,68,1216,Both,80,90,2020-03-30,Spain
Actualizacion_60_COVID-19.pdf,80-89,2892,1738,28,475,Female,80,90,2020-03-30,Spain
Actualizacion_60_COVID-19.pdf,80-89,3362,2398,40,740,Male,80,90,2020-03-30,Spain
Actualizacion_60_COVID-19.pdf,90,1833,1026,3,446,Both,90,120,2020-03-30,Spain
Actualizacion_60_COVID-19.pdf,90,1096,551,0,221,Female,90,120,2020-03-30,Spain
Actualizacion_60_COVID-19.pdf,90,737,475,3,225,Male,90,120,2020-03-30,Spain
Actualizacion_61_COVID-19.pdf,0-9,234,74,4,1,Both,0,10,2020-03-31,Spain
Actualizacion_61_COVID-19.pdf,0-9,119,35,1,1,Female,0,10,2020-03-31,Spain
Actualizacion_61_COVID-19.pdf,0-9,115,39,3,0,Male,0,10,2020-03-31,Spain
Actualizacion_61_COVID-19.pdf,10-19,393,53,2,1,Both,10,20,2020-03-31,Spain
Actualizacion_61_COVID-19.pdf,10-19,208,29,0,1,Female,10,20,2020-03-31,Spain
Actualizacion_61_COVID-19.pdf,10-19,185,24,2,0,Male,10,20,2020-03-31,Spain
Actualizacion_61_COVID-19.pdf,20-29,3016,474,22,6,Both,20,30,2020-03-31,Spain
Actualizacion_61_COVID-19.pdf,20-29,1808,229,10,0,Female,20,30,2020-03-31,Spain
Actualizacion_61_COVID-19.pdf,20-29,1204,243,12,6,Male,20,30,2020-03-31,Spain
Actualizacion_61_COVID-19.pdf,30-39,5656,1163,66,13,Both,30,40,2020-03-31,Spain
Actualizacion_61_COVID-19.pdf,30-39,3237,540,30,6,Female,30,40,2020-03-31,Spain
Actualizacion_61_COVID-19.pdf,30-39,2419,623,36,7,Male,30,40,2020-03-31,Spain
Actualizacion_61_COVID-19.pdf,40-49,8493,2442,149,43,Both,40,50,2020-03-31,Spain
Actualizacion_61_COVID-19.pdf,40-49,4539,985,51,18,Female,40,50,2020-03-31,Spain
Actualizacion_61_COVID-19.pdf,40-49,3952,1455,97,25,Male,40,50,2020-03-31,Spain
Actualizacion_61_COVID-19.pdf,50-59,10108,3744,303,99,Both,50,60,2020-03-31,Spain
Actualizacion_61_COVID-19.pdf,50-59,5295,1472,109,27,Female,50,60,2020-03-31,Spain
Actualizacion_61_COVID-19.pdf,50-59,4810,2271,193,72,Male,50,60,2020-03-31,Spain
Actualizacion_61_COVID-19.pdf,60-69,9396,5023,570,295,Both,60,70,2020-03-31,Spain
Actualizacion_61_COVID-19.pdf,60-69,4329,2037,214,96,Female,60,70,2020-03-31,Spain
Actualizacion_61_COVID-19.pdf,60-69,5064,2985,356,202,Male,60,70,2020-03-31,Spain
Actualizacion_61_COVID-19.pdf,70-79,9295,6405,643,914,Both,70,80,2020-03-31,Spain
Actualizacion_61_COVID-19.pdf,70-79,3800,2446,207,261,Female,70,80,2020-03-31,Spain
Actualizacion_61_COVID-19.pdf,70-79,5494,3956,436,653,Male,70,80,2020-03-31,Spain
Actualizacion_61_COVID-19.pdf,80-89,6859,4576,71,1442,Both,80,90,2020-03-31,Spain
Actualizacion_61_COVID-19.pdf,80-89,3148,1933,43,568,Female,80,90,2020-03-31,Spain
Actualizacion_61_COVID-19.pdf,80-89,3710,2642,41,874,Male,80,90,2020-03-31,Spain
Actualizacion_61_COVID-19.pdf,90,2034,1138,3,523,Both,90,120,2020-03-31,Spain
Actualizacion_61_COVID-19.pdf,90,1199,608,0,259,Female,90,120,2020-03-31,Spain
Actualizacion_61_COVID-19.pdf,90,835,530,3,264,Male,90,120,2020-03-31,Spain
Actualizacion_62_COVID-19.pdf,0-9,234,74,4,1,Both,0,10,2020-04-01,Spain
Actualizacion_62_COVID-19.pdf,0-9,114,33,1,1,Female,0,10,2020-04-01,Spain
Actualizacion_62_COVID-19.pdf,0-9,120,41,3,0,Male,0,10,2020-04-01,Spain
Actualizacion_62_COVID-19.pdf,10-19,398,53,2,1,Both,10,20,2020-04-01,Spain
Actualizacion_62_COVID-19.pdf,10-19,211,29,0,1,Female,10,20,2020-04-01,Spain
Actualizacion_62_COVID-19.pdf,10-19,187,24,2,0,Male,10,20,2020-04-01,Spain
Actualizacion_62_COVID-19.pdf,20-29,3039,477,22,6,Both,20,30,2020-04-01,Spain
Actualizacion_62_COVID-19.pdf,20-29,1840,232,10,0,Female,20,30,2020-04-01,Spain
Actualizacion_62_COVID-19.pdf,20-29,1195,243,12,6,Male,20,30,2020-04-01,Spain
Actualizacion_62_COVID-19.pdf,30-39,5686,1171,67,14,Both,30,40,2020-04-01,Spain
Actualizacion_62_COVID-19.pdf,30-39,3275,540,30,7,Female,30,40,2020-04-01,Spain
Actualizacion_62_COVID-19.pdf,30-39,2411,631,37,7,Male,30,40,2020-04-01,Spain
Actualizacion_62_COVID-19.pdf,40-49,8579,2463,158,44,Both,40,50,2020-04-01,Spain
Actualizacion_62_COVID-19.pdf,40-49,4593,979,52,18,Female,40,50,2020-04-01,Spain
Actualizacion_62_COVID-19.pdf,40-49,3984,1482,106,26,Male,40,50,2020-04-01,Spain
Actualizacion_62_COVID-19.pdf,50-59,10206,3795,318,101,Both,50,60,2020-04-01,Spain
Actualizacion_62_COVID-19.pdf,50-59,5337,1485,115,29,Female,50,60,2020-04-01,Spain
Actualizacion_62_COVID-19.pdf,50-59,4867,2309,203,72,Male,50,60,2020-04-01,Spain
Actualizacion_62_COVID-19.pdf,60-69,9516,5078,586,301,Both,60,70,2020-04-01,Spain
Actualizacion_62_COVID-19.pdf,60-69,4369,2037,215,97,Female,60,70,2020-04-01,Spain
Actualizacion_62_COVID-19.pdf,60-69,5142,3038,370,204,Male,60,70,2020-04-01,Spain
Actualizacion_62_COVID-19.pdf,70-79,9442,6481,672,929,Both,70,80,2020-04-01,Spain
Actualizacion_62_COVID-19.pdf,70-79,3841,2466,214,265,Female,70,80,2020-04-01,Spain
Actualizacion_62_COVID-19.pdf,70-79,5599,4011,457,664,Male,70,80,2020-04-01,Spain
Actualizacion_62_COVID-19.pdf,80-89,6950,4623,75,1461,Both,80,90,2020-04-01,Spain
Actualizacion_62_COVID-19.pdf,80-89,3240,1957,44,579,Female,80,90,2020-04-01,Spain
Actualizacion_62_COVID-19.pdf,80-89,3709,2666,44,882,Male,80,90,2020-04-01,Spain
Actualizacion_62_COVID-19.pdf,90,2063,1152,3,538,Both,90,120,2020-04-01,Spain
Actualizacion_62_COVID-19.pdf,90,1230,616,0,264,Female,90,120,2020-04-01,Spain
Actualizacion_62_COVID-19.pdf,90,833,536,3,274,Male,90,120,2020-04-01,Spain
Actualizacion_63_COVID-19.pdf,0-9,250,86,7,0,Both,0,10,2020-04-02,Spain
Actualizacion_63_COVID-19.pdf,0-9,116,36,2,1,Female,0,10,2020-04-02,Spain
Actualizacion_63_COVID-19.pdf,0-9,135,50,5,0,Male,0,10,2020-04-02,Spain
Actualizacion_63_COVID-19.pdf,10-19,434,72,3,1,Both,10,20,2020-04-02,Spain
Actualizacion_63_COVID-19.pdf,10-19,223,39,1,1,Female,10,20,2020-04-02,Spain
Actualizacion_63_COVID-19.pdf,10-19,210,33,2,0,Male,10,20,2020-04-02,Spain
Actualizacion_63_COVID-19.pdf,20-29,3590,546,29,6,Both,20,30,2020-04-02,Spain
Actualizacion_63_COVID-19.pdf,20-29,2233,270,11,1,Female,20,30,2020-04-02,Spain
Actualizacion_63_COVID-19.pdf,20-29,1356,274,18,5,Male,20,30,2020-04-02,Spain
Actualizacion_63_COVID-19.pdf,30-39,6853,1376,86,18,Both,30,40,2020-04-02,Spain
Actualizacion_63_COVID-19.pdf,30-39,4028,642,30,7,Female,30,40,2020-04-02,Spain
Actualizacion_63_COVID-19.pdf,30-39,2824,734,56,12,Male,30,40,2020-04-02,Spain
Actualizacion_63_COVID-19.pdf,40-49,10551,3039,215,49,Both,40,50,2020-04-02,Spain
Actualizacion_63_COVID-19.pdf,40-49,5731,1204,64,20,Female,40,50,2020-04-02,Spain
Actualizacion_63_COVID-19.pdf,40-49,4822,1833,150,32,Male,40,50,2020-04-02,Spain
Actualizacion_63_COVID-19.pdf,50-59,12722,4795,432,131,Both,50,60,2020-04-02,Spain
Actualizacion_63_COVID-19.pdf,50-59,6740,1876,130,43,Female,50,60,2020-04-02,Spain
Actualizacion_63_COVID-19.pdf,50-59,5979,2918,301,94,Male,50,60,2020-04-02,Spain
Actualizacion_63_COVID-19.pdf,60-69,11657,6511,779,373,Both,60,70,2020-04-02,Spain
Actualizacion_63_COVID-19.pdf,60-69,5330,2559,209,111,Female,60,70,2020-04-02,Spain
Actualizacion_63_COVID-19.pdf,60-69,6320,3949,570,274,Male,60,70,2020-04-02,Spain
Actualizacion_63_COVID-19.pdf,70-79,11368,8114,820,1176,Both,70,80,2020-04-02,Spain
Actualizacion_63_COVID-19.pdf,70-79,4636,3078,222,333,Female,70,80,2020-04-02,Spain
Actualizacion_63_COVID-19.pdf,70-79,6727,5032,597,887,Male,70,80,2020-04-02,Spain
Actualizacion_63_COVID-19.pdf,80-89,8857,5929,92,1879,Both,80,90,2020-04-02,Spain
Actualizacion_63_COVID-19.pdf,80-89,4279,2559,51,743,Female,80,90,2020-04-02,Spain
Actualizacion_63_COVID-19.pdf,80-89,4577,3370,54,1205,Male,80,90,2020-04-02,Spain
Actualizacion_63_COVID-19.pdf,90,2895,1563,6,728,Both,90,120,2020-04-02,Spain
Actualizacion_63_COVID-19.pdf,90,1775,848,2,389,Female,90,120,2020-04-02,Spain
Actualizacion_63_COVID-19.pdf,90,1119,715,4,364,Male,90,120,2020-04-02,Spain
Actualizacion_64_COVID-19.pdf,0-9,251,86,7,0,Both,0,10,2020-04-03,Spain
Actualizacion_64_COVID-19.pdf,0-9,117,36,2,1,Female,0,10,2020-04-03,Spain
Actualizacion_64_COVID-19.pdf,0-9,134,50,5,0,Male,0,10,2020-04-03,Spain
Actualizacion_64_COVID-19.pdf,10-19,445,78,3,1,Both,10,20,2020-04-03,Spain
Actualizacion_64_COVID-19.pdf,10-19,228,40,1,1,Female,10,20,2020-04-03,Spain
Actualizacion_64_COVID-19.pdf,10-19,217,38,2,0,Male,10,20,2020-04-03,Spain
Actualizacion_64_COVID-19.pdf,20-29,3662,557,30,6,Both,20,30,2020-04-03,Spain
Actualizacion_64_COVID-19.pdf,20-29,2279,275,11,1,Female,20,30,2020-04-03,Spain
Actualizacion_64_COVID-19.pdf,20-29,1380,280,19,5,Male,20,30,2020-04-03,Spain
Actualizacion_64_COVID-19.pdf,30-39,6997,1411,89,19,Both,30,40,2020-04-03,Spain
Actualizacion_64_COVID-19.pdf,30-39,4113,657,31,8,Female,30,40,2020-04-03,Spain
Actualizacion_64_COVID-19.pdf,30-39,2884,754,58,12,Male,30,40,2020-04-03,Spain
Actualizacion_64_COVID-19.pdf,40-49,10759,3119,227,48,Both,40,50,2020-04-03,Spain
Actualizacion_64_COVID-19.pdf,40-49,5849,1245,68,19,Female,40,50,2020-04-03,Spain
Actualizacion_64_COVID-19.pdf,40-49,4909,1874,159,32,Male,40,50,2020-04-03,Spain
Actualizacion_64_COVID-19.pdf,50-59,12986,4947,453,133,Both,50,60,2020-04-03,Spain
Actualizacion_64_COVID-19.pdf,50-59,6887,1937,134,43,Female,50,60,2020-04-03,Spain
Actualizacion_64_COVID-19.pdf,50-59,6098,3010,319,96,Male,50,60,2020-04-03,Spain
Actualizacion_64_COVID-19.pdf,60-69,11927,6720,823,387,Both,60,70,2020-04-03,Spain
Actualizacion_64_COVID-19.pdf,60-69,5449,2640,224,115,Female,60,70,2020-04-03,Spain
Actualizacion_64_COVID-19.pdf,60-69,6475,4078,599,284,Male,60,70,2020-04-03,Spain
Actualizacion_64_COVID-19.pdf,70-79,11630,8348,859,1238,Both,70,80,2020-04-03,Spain
Actualizacion_64_COVID-19.pdf,70-79,4742,3172,239,352,Female,70,80,2020-04-03,Spain
Actualizacion_64_COVID-19.pdf,70-79,6886,5174,620,930,Male,70,80,2020-04-03,Spain
Actualizacion_64_COVID-19.pdf,80-89,9064,6085,94,1945,Both,80,90,2020-04-03,Spain
Actualizacion_64_COVID-19.pdf,80-89,4397,2632,51,777,Female,80,90,2020-04-03,Spain
Actualizacion_64_COVID-19.pdf,80-89,4667,3453,56,1237,Male,80,90,2020-04-03,Spain
Actualizacion_64_COVID-19.pdf,90,2963,1594,6,766,Both,90,120,2020-04-03,Spain
Actualizacion_64_COVID-19.pdf,90,1824,868,2,405,Female,90,120,2020-04-03,Spain
Actualizacion_64_COVID-19.pdf,90,1139,726,4,386,Male,90,120,2020-04-03,Spain
Actualizacion_65_COVID-19.pdf,0-9,251,86,7,1,Both,0,10,2020-04-04,Spain
Actualizacion_65_COVID-19.pdf,0-9,117,36,2,1,Female,0,10,2020-04-04,Spain
Actualizacion_65_COVID-19.pdf,0-9,134,50,5,0,Male,0,10,2020-04-04,Spain
Actualizacion_65_COVID-19.pdf,10-19,445,78,3,1,Both,10,20,2020-04-04,Spain
Actualizacion_65_COVID-19.pdf,10-19,228,40,1,1,Female,10,20,2020-04-04,Spain
Actualizacion_65_COVID-19.pdf,10-19,217,38,2,0,Male,10,20,2020-04-04,Spain
Actualizacion_65_COVID-19.pdf,20-29,3662,557,30,6,Both,20,30,2020-04-04,Spain
Actualizacion_65_COVID-19.pdf,20-29,2279,275,11,1,Female,20,30,2020-04-04,Spain
Actualizacion_65_COVID-19.pdf,20-29,1380,280,19,5,Male,20,30,2020-04-04,Spain
Actualizacion_65_COVID-19.pdf,30-39,6997,1411,89,19,Both,30,40,2020-04-04,Spain
Actualizacion_65_COVID-19.pdf,30-39,4113,657,31,8,Female,30,40,2020-04-04,Spain
Actualizacion_65_COVID-19.pdf,30-39,2884,754,58,12,Male,30,40,2020-04-04,Spain
Actualizacion_65_COVID-19.pdf,40-49,10759,3119,227,50,Both,40,50,2020-04-04,Spain
Actualizacion_65_COVID-19.pdf,40-49,5849,1245,68,19,Female,40,50,2020-04-04,Spain
Actualizacion_65_COVID-19.pdf,40-49,4909,1874,159,32,Male,40,50,2020-04-04,Spain
Actualizacion_65_COVID-19.pdf,50-59,12986,4947,453,139,Both,50,60,2020-04-04,Spain
Actualizacion_65_COVID-19.pdf,50-59,6887,1937,134,43,Female,50,60,2020-04-04,Spain
Actualizacion_65_COVID-19.pdf,50-59,6098,3010,319,96,Male,50,60,2020-04-04,Spain
Actualizacion_65_COVID-19.pdf,60-69,11927,6720,823,401,Both,60,70,2020-04-04,Spain
Actualizacion_65_COVID-19.pdf,60-69,5449,2640,224,115,Female,60,70,2020-04-04,Spain
Actualizacion_65_COVID-19.pdf,60-69,6475,4078,599,284,Male,60,70,2020-04-04,Spain
Actualizacion_65_COVID-19.pdf,70-79,11630,8348,859,1283,Both,70,80,2020-04-04,Spain
Actualizacion_65_COVID-19.pdf,70-79,4742,3172,239,352,Female,70,80,2020-04-04,Spain
Actualizacion_65_COVID-19.pdf,70-79,6886,5174,620,930,Male,70,80,2020-04-04,Spain
Actualizacion_65_COVID-19.pdf,80-89,9064,6085,94,2014,Both,80,90,2020-04-04,Spain
Actualizacion_65_COVID-19.pdf,80-89,4397,2632,51,777,Female,80,90,2020-04-04,Spain
Actualizacion_65_COVID-19.pdf,80-89,4667,3453,56,1237,Male,80,90,2020-04-04,Spain
Actualizacion_65_COVID-19.pdf,90,2963,1594,6,795,Both,90,120,2020-04-04,Spain
Actualizacion_65_COVID-19.pdf,90,1824,868,2,405,Female,90,120,2020-04-04,Spain
Actualizacion_65_COVID-19.pdf,90,1139,726,4,386,Male,90,120,2020-04-04,Spain
Actualizacion_66_COVID-19.pdf,0-9,286,107,15,2,Both,0,10,2020-04-05,Spain
Actualizacion_66_COVID-19.pdf,0-9,131,42,3,1,Female,0,10,2020-04-05,Spain
Actualizacion_66_COVID-19.pdf,0-9,155,65,12,1,Male,0,10,2020-04-05,Spain
Actualizacion_66_COVID-19.pdf,10-19,486,99,4,1,Both,10,20,2020-04-05,Spain
Actualizacion_66_COVID-19.pdf,10-19,258,53,1,1,Female,10,20,2020-04-05,Spain
Actualizacion_66_COVID-19.pdf,10-19,228,46,3,0,Male,10,20,2020-04-05,Spain
Actualizacion_66_COVID-19.pdf,20-29,4575,750,43,9,Both,20,30,2020-04-05,Spain
Actualizacion_66_COVID-19.pdf,20-29,2889,370,16,2,Female,20,30,2020-04-05,Spain
Actualizacion_66_COVID-19.pdf,20-29,1683,378,27,7,Male,20,30,2020-04-05,Spain
Actualizacion_66_COVID-19.pdf,30-39,8663,1942,125,25,Both,30,40,2020-04-05,Spain
Actualizacion_66_COVID-19.pdf,30-39,5131,899,44,10,Female,30,40,2020-04-05,Spain
Actualizacion_66_COVID-19.pdf,30-39,3532,1043,81,16,Male,30,40,2020-04-05,Spain
Actualizacion_66_COVID-19.pdf,40-49,13300,4269,326,65,Both,40,50,2020-04-05,Spain
Actualizacion_66_COVID-19.pdf,40-49,7178,1686,94,28,Female,40,50,2020-04-05,Spain
Actualizacion_66_COVID-19.pdf,40-49,6122,2583,232,38,Male,40,50,2020-04-05,Spain
Actualizacion_66_COVID-19.pdf,50-59,16455,6800,640,184,Both,50,60,2020-04-05,Spain
Actualizacion_66_COVID-19.pdf,50-59,8715,2680,185,59,Female,50,60,2020-04-05,Spain
Actualizacion_66_COVID-19.pdf,50-59,7739,4120,455,125,Male,50,60,2020-04-05,Spain
Actualizacion_66_COVID-19.pdf,60-69,14847,8833,1089,571,Both,60,70,2020-04-05,Spain
Actualizacion_66_COVID-19.pdf,60-69,6790,3479,315,169,Female,60,70,2020-04-05,Spain
Actualizacion_66_COVID-19.pdf,60-69,8053,5351,774,402,Male,60,70,2020-04-05,Spain
Actualizacion_66_COVID-19.pdf,70-79,14217,10796,1106,1808,Both,70,80,2020-04-05,Spain
Actualizacion_66_COVID-19.pdf,70-79,5820,4184,306,509,Female,70,80,2020-04-05,Spain
Actualizacion_66_COVID-19.pdf,70-79,8397,6612,800,1301,Male,70,80,2020-04-05,Spain
Actualizacion_66_COVID-19.pdf,80-89,11119,7807,113,2690,Both,80,90,2020-04-05,Spain
Actualizacion_66_COVID-19.pdf,80-89,5424,3410,57,1033,Female,80,90,2020-04-05,Spain
Actualizacion_66_COVID-19.pdf,80-89,5695,4397,69,1659,Male,80,90,2020-04-05,Spain
Actualizacion_66_COVID-19.pdf,90,3589,1968,12,976,Both,90,120,2020-04-05,Spain
Actualizacion_66_COVID-19.pdf,90,2221,1083,4,517,Female,90,120,2020-04-05,Spain
Actualizacion_66_COVID-19.pdf,90,1368,885,8,459,Male,90,120,2020-04-05,Spain
Actualizacion_67_COVID-19.pdf,0-9,250,79,7,1,Both,0,10,2020-04-06,Spain
Actualizacion_67_COVID-19.pdf,0-9,123,35,2,1,Female,0,10,2020-04-06,Spain
Actualizacion_67_COVID-19.pdf,0-9,127,44,5,0,Male,0,10,2020-04-06,Spain
Actualizacion_67_COVID-19.pdf,10-19,491,105,6,1,Both,10,20,2020-04-06,Spain
Actualizacion_67_COVID-19.pdf,10-19,265,58,2,1,Female,10,20,2020-04-06,Spain
Actualizacion_67_COVID-19.pdf,10-19,226,47,4,0,Male,10,20,2020-04-06,Spain
Actualizacion_67_COVID-19.pdf,20-29,4629,795,53,6,Both,20,30,2020-04-06,Spain
Actualizacion_67_COVID-19.pdf,20-29,2911,391,21,1,Female,20,30,2020-04-06,Spain
Actualizacion_67_COVID-19.pdf,20-29,1713,401,32,5,Male,20,30,2020-04-06,Spain
Actualizacion_67_COVID-19.pdf,30-39,8761,2019,136,20,Both,30,40,2020-04-06,Spain
Actualizacion_67_COVID-19.pdf,30-39,5153,924,45,8,Female,30,40,2020-04-06,Spain
Actualizacion_67_COVID-19.pdf,30-39,3607,1095,91,12,Male,30,40,2020-04-06,Spain
Actualizacion_67_COVID-19.pdf,40-49,13421,4340,340,50,Both,40,50,2020-04-06,Spain
Actualizacion_67_COVID-19.pdf,40-49,7248,1719,101,19,Female,40,50,2020-04-06,Spain
Actualizacion_67_COVID-19.pdf,40-49,6171,2620,239,31,Male,40,50,2020-04-06,Spain
Actualizacion_67_COVID-19.pdf,50-59,16577,6840,643,147,Both,50,60,2020-04-06,Spain
Actualizacion_67_COVID-19.pdf,50-59,8788,2708,185,45,Female,50,60,2020-04-06,Spain
Actualizacion_67_COVID-19.pdf,50-59,7787,4132,458,102,Male,50,60,2020-04-06,Spain
Actualizacion_67_COVID-19.pdf,60-69,14933,8825,1080,419,Both,60,70,2020-04-06,Spain
Actualizacion_67_COVID-19.pdf,60-69,6833,3484,315,119,Female,60,70,2020-04-06,Spain
Actualizacion_67_COVID-19.pdf,60-69,8096,5338,765,300,Male,60,70,2020-04-06,Spain
Actualizacion_67_COVID-19.pdf,70-79,14300,10769,1094,1341,Both,70,80,2020-04-06,Spain
Actualizacion_67_COVID-19.pdf,70-79,5887,4178,302,364,Female,70,80,2020-04-06,Spain
Actualizacion_67_COVID-19.pdf,70-79,8410,6591,792,977,Male,70,80,2020-04-06,Spain
Actualizacion_67_COVID-19.pdf,80-89,11196,7790,115,2121,Both,80,90,2020-04-06,Spain
Actualizacion_67_COVID-19.pdf,80-89,5469,3397,55,821,Female,80,90,2020-04-06,Spain
Actualizacion_67_COVID-19.pdf,80-89,5726,4392,73,1300,Male,80,90,2020-04-06,Spain
Actualizacion_67_COVID-19.pdf,90,3632,1981,15,833,Both,90,120,2020-04-06,Spain
Actualizacion_67_COVID-19.pdf,90,2248,1087,6,430,Female,90,120,2020-04-06,Spain
Actualizacion_67_COVID-19.pdf,90,1384,894,9,403,Male,90,120,2020-04-06,Spain
Actualizacion_68_COVID-19.pdf,0-9,247,77,6,1,Both,0,10,2020-04-07,Spain
Actualizacion_68_COVID-19.pdf,0-9,120,35,2,1,Female,0,10,2020-04-07,Spain
Actualizacion_68_COVID-19.pdf,0-9,127,42,4,0,Male,0,10,2020-04-07,Spain
Actualizacion_68_COVID-19.pdf,10-19,489,100,4,1,Both,10,20,2020-04-07,Spain
Actualizacion_68_COVID-19.pdf,10-19,258,54,1,1,Female,10,20,2020-04-07,Spain
Actualizacion_68_COVID-19.pdf,10-19,231,46,3,0,Male,10,20,2020-04-07,Spain
Actualizacion_68_COVID-19.pdf,20-29,4604,755,44,7,Both,20,30,2020-04-07,Spain
Actualizacion_68_COVID-19.pdf,20-29,2904,373,17,2,Female,20,30,2020-04-07,Spain
Actualizacion_68_COVID-19.pdf,20-29,1694,378,27,5,Male,20,30,2020-04-07,Spain
Actualizacion_68_COVID-19.pdf,30-39,8745,1953,125,20,Both,30,40,2020-04-07,Spain
Actualizacion_68_COVID-19.pdf,30-39,5183,902,44,8,Female,30,40,2020-04-07,Spain
Actualizacion_68_COVID-19.pdf,30-39,3561,1050,81,12,Male,30,40,2020-04-07,Spain
Actualizacion_68_COVID-19.pdf,40-49,13411,4289,326,50,Both,40,50,2020-04-07,Spain
Actualizacion_68_COVID-19.pdf,40-49,7255,1699,94,19,Female,40,50,2020-04-07,Spain
Actualizacion_68_COVID-19.pdf,40-49,6156,2590,232,31,Male,40,50,2020-04-07,Spain
Actualizacion_68_COVID-19.pdf,50-59,16569,6828,645,147,Both,50,60,2020-04-07,Spain
Actualizacion_68_COVID-19.pdf,50-59,8776,2690,188,45,Female,50,60,2020-04-07,Spain
Actualizacion_68_COVID-19.pdf,50-59,7792,4138,457,102,Male,50,60,2020-04-07,Spain
Actualizacion_68_COVID-19.pdf,60-69,14935,8868,1095,420,Both,60,70,2020-04-07,Spain
Actualizacion_68_COVID-19.pdf,60-69,6825,3497,317,119,Female,60,70,2020-04-07,Spain
Actualizacion_68_COVID-19.pdf,60-69,8106,5368,778,301,Male,60,70,2020-04-07,Spain
Actualizacion_68_COVID-19.pdf,70-79,14295,10830,1107,1353,Both,70,80,2020-04-07,Spain
Actualizacion_68_COVID-19.pdf,70-79,5866,4199,307,369,Female,70,80,2020-04-07,Spain
Actualizacion_68_COVID-19.pdf,70-79,8429,6631,800,984,Male,70,80,2020-04-07,Spain
Actualizacion_68_COVID-19.pdf,80-89,11204,7857,115,2135,Both,80,90,2020-04-07,Spain
Actualizacion_68_COVID-19.pdf,80-89,5474,3433,59,827,Female,80,90,2020-04-07,Spain
Actualizacion_68_COVID-19.pdf,80-89,5730,4424,69,1308,Male,80,90,2020-04-07,Spain
Actualizacion_68_COVID-19.pdf,90,3645,1995,12,844,Both,90,120,2020-04-07,Spain
Actualizacion_68_COVID-19.pdf,90,2259,1099,4,436,Female,90,120,2020-04-07,Spain
Actualizacion_68_COVID-19.pdf,90,1386,896,8,408,Male,90,120,2020-04-07,Spain
Actualizacion_69_COVID-19.pdf,0-9,287,81,6,1,Both,0,10,2020-04-08,Spain
Actualizacion_69_COVID-19.pdf,0-9,139,34,2,1,Female,0,10,2020-04-08,Spain
Actualizacion_69_COVID-19.pdf,0-9,148,47,4,0,Male,0,10,2020-04-08,Spain
Actualizacion_69_COVID-19.pdf,10-19,553,111,5,1,Both,10,20,2020-04-08,Spain
Actualizacion_69_COVID-19.pdf,10-19,289,58,1,1,Female,10,20,2020-04-08,Spain
Actualizacion_69_COVID-19.pdf,10-19,264,53,4,0,Male,10,20,2020-04-08,Spain
Actualizacion_69_COVID-19.pdf,20-29,5113,804,50,9,Both,20,30,2020-04-08,Spain
Actualizacion_69_COVID-19.pdf,20-29,3267,402,20,3,Female,20,30,2020-04-08,Spain
Actualizacion_69_COVID-19.pdf,20-29,1840,398,30,6,Male,20,30,2020-04-08,Spain
Actualizacion_69_COVID-19.pdf,30-39,9819,2129,143,23,Both,30,40,2020-04-08,Spain
Actualizacion_69_COVID-19.pdf,30-39,5841,986,48,8,Female,30,40,2020-04-08,Spain
Actualizacion_69_COVID-19.pdf,30-39,3976,1142,95,15,Male,30,40,2020-04-08,Spain
Actualizacion_69_COVID-19.pdf,40-49,15256,4749,369,53,Both,40,50,2020-04-08,Spain
Actualizacion_69_COVID-19.pdf,40-49,8334,1884,105,19,Female,40,50,2020-04-08,Spain
Actualizacion_69_COVID-19.pdf,40-49,6920,2865,264,34,Male,40,50,2020-04-08,Spain
Actualizacion_69_COVID-19.pdf,50-59,18790,7666,764,186,Both,50,60,2020-04-08,Spain
Actualizacion_69_COVID-19.pdf,50-59,10008,3030,223,56,Female,50,60,2020-04-08,Spain
Actualizacion_69_COVID-19.pdf,50-59,8775,4635,541,130,Male,50,60,2020-04-08,Spain
Actualizacion_69_COVID-19.pdf,60-69,16973,10020,1276,527,Both,60,70,2020-04-08,Spain
Actualizacion_69_COVID-19.pdf,60-69,7797,3959,356,153,Female,60,70,2020-04-08,Spain
Actualizacion_69_COVID-19.pdf,60-69,9172,6059,920,374,Male,60,70,2020-04-08,Spain
Actualizacion_69_COVID-19.pdf,70-79,16257,12157,1263,1603,Both,70,80,2020-04-08,Spain
Actualizacion_69_COVID-19.pdf,70-79,6765,4746,366,455,Female,70,80,2020-04-08,Spain
Actualizacion_69_COVID-19.pdf,70-79,9486,7409,896,1148,Male,70,80,2020-04-08,Spain
Actualizacion_69_COVID-19.pdf,80-89,13068,8911,126,2515,Both,80,90,2020-04-08,Spain
Actualizacion_69_COVID-19.pdf,80-89,6557,3957,50,1007,Female,80,90,2020-04-08,Spain
Actualizacion_69_COVID-19.pdf,80-89,6509,4953,76,1508,Male,80,90,2020-04-08,Spain
Actualizacion_69_COVID-19.pdf,90,4339,2236,12,986,Both,90,120,2020-04-08,Spain
Actualizacion_69_COVID-19.pdf,90,2743,1241,4,526,Female,90,120,2020-04-08,Spain
Actualizacion_69_COVID-19.pdf,90,1594,995,8,460,Male,90,120,2020-04-08,Spain
Actualizacion_70_COVID-19.pdf,0-9,285,87,7,1,Both,0,10,2020-04-09,Spain
Actualizacion_70_COVID-19.pdf,0-9,138,37,2,1,Female,0,10,2020-04-09,Spain
Actualizacion_70_COVID-19.pdf,0-9,146,50,5,0,Male,0,10,2020-04-09,Spain
Actualizacion_70_COVID-19.pdf,10-19,588,118,5,1,Both,10,20,2020-04-09,Spain
Actualizacion_70_COVID-19.pdf,10-19,307,63,1,1,Female,10,20,2020-04-09,Spain
Actualizacion_70_COVID-19.pdf,10-19,281,55,4,0,Male,10,20,2020-04-09,Spain
Actualizacion_70_COVID-19.pdf,20-29,5381,828,53,11,Both,20,30,2020-04-09,Spain
Actualizacion_70_COVID-19.pdf,20-29,3458,417,22,3,Female,20,30,2020-04-09,Spain
Actualizacion_70_COVID-19.pdf,20-29,1918,407,31,8,Male,20,30,2020-04-09,Spain
Actualizacion_70_COVID-19.pdf,30-39,10341,2204,160,24,Both,30,40,2020-04-09,Spain
Actualizacion_70_COVID-19.pdf,30-39,6199,1039,61,9,Female,30,40,2020-04-09,Spain
Actualizacion_70_COVID-19.pdf,30-39,4141,1164,99,15,Male,30,40,2020-04-09,Spain
Actualizacion_70_COVID-19.pdf,40-49,16088,4964,402,61,Both,40,50,2020-04-09,Spain
Actualizacion_70_COVID-19.pdf,40-49,8869,1995,116,20,Female,40,50,2020-04-09,Spain
Actualizacion_70_COVID-19.pdf,40-49,7217,2969,286,41,Male,40,50,2020-04-09,Spain
Actualizacion_70_COVID-19.pdf,50-59,19836,8006,877,197,Both,50,60,2020-04-09,Spain
Actualizacion_70_COVID-19.pdf,50-59,10658,3172,245,60,Female,50,60,2020-04-09,Spain
Actualizacion_70_COVID-19.pdf,50-59,9175,4833,632,137,Male,50,60,2020-04-09,Spain
Actualizacion_70_COVID-19.pdf,60-69,17713,10377,1456,597,Both,60,70,2020-04-09,Spain
Actualizacion_70_COVID-19.pdf,60-69,8167,4093,419,174,Female,60,70,2020-04-09,Spain
Actualizacion_70_COVID-19.pdf,60-69,9542,6283,1037,422,Male,60,70,2020-04-09,Spain
Actualizacion_70_COVID-19.pdf,70-79,16957,12588,1457,1773,Both,70,80,2020-04-09,Spain
Actualizacion_70_COVID-19.pdf,70-79,7100,4934,420,513,Female,70,80,2020-04-09,Spain
Actualizacion_70_COVID-19.pdf,70-79,9855,7653,1037,1263,Male,70,80,2020-04-09,Spain
Actualizacion_70_COVID-19.pdf,80-89,14218,9523,150,2864,Both,80,90,2020-04-09,Spain
Actualizacion_70_COVID-19.pdf,80-89,7279,4296,64,1193,Female,80,90,2020-04-09,Spain
Actualizacion_70_COVID-19.pdf,80-89,6938,5226,86,1684,Male,80,90,2020-04-09,Spain
Actualizacion_70_COVID-19.pdf,90,5040,2527,17,1200,Both,90,120,2020-04-09,Spain
Actualizacion_70_COVID-19.pdf,90,3275,1423,6,678,Female,90,120,2020-04-09,Spain
Actualizacion_70_COVID-19.pdf,90,1764,1104,11,534,Male,90,120,2020-04-09,Spain
Actualizacion_71_COVID-19.pdf,0-9,288,88,7,1,Both,0,10,2020-04-10,Spain
Actualizacion_71_COVID-19.pdf,0-9,142,36,2,1,Female,0,10,2020-04-10,Spain
Actualizacion_71_COVID-19.pdf,0-9,145,52,5,0,Male,0,10,2020-04-10,Spain
Actualizacion_71_COVID-19.pdf,10-19,593,119,5,1,Both,10,20,2020-04-10,Spain
Actualizacion_71_COVID-19.pdf,10-19,304,62,1,1,Female,10,20,2020-04-10,Spain
Actualizacion_71_COVID-19.pdf,10-19,289,57,4,0,Male,10,20,2020-04-10,Spain
Actualizacion_71_COVID-19.pdf,20-29,5477,835,53,11,Both,20,30,2020-04-10,Spain
Actualizacion_71_COVID-19.pdf,20-29,3531,420,22,3,Female,20,30,2020-04-10,Spain
Actualizacion_71_COVID-19.pdf,20-29,1939,410,31,8,Male,20,30,2020-04-10,Spain
Actualizacion_71_COVID-19.pdf,30-39,10518,2222,162,24,Both,30,40,2020-04-10,Spain
Actualizacion_71_COVID-19.pdf,30-39,6307,1042,60,9,Female,30,40,2020-04-10,Spain
Actualizacion_71_COVID-19.pdf,30-39,4209,1179,102,15,Male,30,40,2020-04-10,Spain
Actualizacion_71_COVID-19.pdf,40-49,16451,5026,399,66,Both,40,50,2020-04-10,Spain
Actualizacion_71_COVID-19.pdf,40-49,9107,2007,112,22,Female,40,50,2020-04-10,Spain
Actualizacion_71_COVID-19.pdf,40-49,7340,3019,287,44,Male,40,50,2020-04-10,Spain
Actualizacion_71_COVID-19.pdf,50-59,20342,8152,890,206,Both,50,60,2020-04-10,Spain
Actualizacion_71_COVID-19.pdf,50-59,10963,3236,244,61,Female,50,60,2020-04-10,Spain
Actualizacion_71_COVID-19.pdf,50-59,9370,4915,646,145,Male,50,60,2020-04-10,Spain
Actualizacion_71_COVID-19.pdf,60-69,18095,10564,1462,624,Both,60,70,2020-04-10,Spain
Actualizacion_71_COVID-19.pdf,60-69,8354,4164,415,179,Female,60,70,2020-04-10,Spain
Actualizacion_71_COVID-19.pdf,60-69,9736,6399,1047,445,Male,60,70,2020-04-10,Spain
Actualizacion_71_COVID-19.pdf,70-79,17297,12824,1464,1848,Both,70,80,2020-04-10,Spain
Actualizacion_71_COVID-19.pdf,70-79,7230,5018,420,530,Female,70,80,2020-04-10,Spain
Actualizacion_71_COVID-19.pdf,70-79,10060,7804,1043,1318,Male,70,80,2020-04-10,Spain
Actualizacion_71_COVID-19.pdf,80-89,14739,9784,150,3035,Both,80,90,2020-04-10,Spain
Actualizacion_71_COVID-19.pdf,80-89,7566,4407,65,1257,Female,80,90,2020-04-10,Spain
Actualizacion_71_COVID-19.pdf,80-89,7171,5376,85,1778,Male,80,90,2020-04-10,Spain
Actualizacion_71_COVID-19.pdf,90,5346,2610,17,1290,Both,90,120,2020-04-10,Spain
Actualizacion_71_COVID-19.pdf,90,3472,1468,7,718,Female,90,120,2020-04-10,Spain
Actualizacion_71_COVID-19.pdf,90,1871,1142,10,572,Male,90,120,2020-04-10,Spain
Actualizacion_72_COVID-19.pdf,0-9,292,86,8,1,Both,0,10,2020-04-11,Spain
Actualizacion_72_COVID-19.pdf,0-9,144,37,2,1,Female,0,10,2020-04-11,Spain
Actualizacion_72_COVID-19.pdf,0-9,148,49,6,0,Male,0,10,2020-04-11,Spain
Actualizacion_72_COVID-19.pdf,10-19,603,119,4,1,Both,10,20,2020-04-11,Spain
Actualizacion_72_COVID-19.pdf,10-19,312,64,1,1,Female,10,20,2020-04-11,Spain
Actualizacion_72_COVID-19.pdf,10-19,291,55,3,0,Male,10,20,2020-04-11,Spain
Actualizacion_72_COVID-19.pdf,20-29,5545,828,53,11,Both,20,30,2020-04-11,Spain
Actualizacion_72_COVID-19.pdf,20-29,3575,415,22,3,Female,20,30,2020-04-11,Spain
Actualizacion_72_COVID-19.pdf,20-29,1964,408,31,8,Male,20,30,2020-04-11,Spain
Actualizacion_72_COVID-19.pdf,30-39,10603,2214,165,24,Both,30,40,2020-04-11,Spain
Actualizacion_72_COVID-19.pdf,30-39,6361,1027,60,9,Female,30,40,2020-04-11,Spain
Actualizacion_72_COVID-19.pdf,30-39,4241,1186,105,15,Male,30,40,2020-04-11,Spain
Actualizacion_72_COVID-19.pdf,40-49,16591,5036,404,74,Both,40,50,2020-04-11,Spain
Actualizacion_72_COVID-19.pdf,40-49,9185,2000,115,26,Female,40,50,2020-04-11,Spain
Actualizacion_72_COVID-19.pdf,40-49,7404,3036,289,48,Male,40,50,2020-04-11,Spain
Actualizacion_72_COVID-19.pdf,50-59,20523,8212,903,212,Both,50,60,2020-04-11,Spain
Actualizacion_72_COVID-19.pdf,50-59,11070,3235,246,62,Female,50,60,2020-04-11,Spain
Actualizacion_72_COVID-19.pdf,50-59,9448,4975,657,150,Male,50,60,2020-04-11,Spain
Actualizacion_72_COVID-19.pdf,60-69,18261,10637,1485,637,Both,60,70,2020-04-11,Spain
Actualizacion_72_COVID-19.pdf,60-69,8426,4169,422,184,Female,60,70,2020-04-11,Spain
Actualizacion_72_COVID-19.pdf,60-69,9831,6466,1063,453,Male,60,70,2020-04-11,Spain
Actualizacion_72_COVID-19.pdf,70-79,17474,12892,1483,1896,Both,70,80,2020-04-11,Spain
Actualizacion_72_COVID-19.pdf,70-79,7309,5064,427,551,Female,70,80,2020-04-11,Spain
Actualizacion_72_COVID-19.pdf,70-79,10163,7826,1055,1345,Male,70,80,2020-04-11,Spain
Actualizacion_72_COVID-19.pdf,80-89,14966,9973,153,3086,Both,80,90,2020-04-11,Spain
Actualizacion_72_COVID-19.pdf,80-89,7707,4541,67,1278,Female,80,90,2020-04-11,Spain
Actualizacion_72_COVID-19.pdf,80-89,7258,5431,86,1808,Male,80,90,2020-04-11,Spain
Actualizacion_72_COVID-19.pdf,90,5455,2750,17,1318,Both,90,120,2020-04-11,Spain
Actualizacion_72_COVID-19.pdf,90,3558,1588,7,734,Female,90,120,2020-04-11,Spain
Actualizacion_72_COVID-19.pdf,90,1897,1162,10,584,Male,90,120,2020-04-11,Spain
Actualizacion_73_COVID-19.pdf,0-9,396,154,20,1,Both,0,10,2020-04-12,Spain
Actualizacion_73_COVID-19.pdf,0-9,184,64,6,1,Female,0,10,2020-04-12,Spain
Actualizacion_73_COVID-19.pdf,0-9,212,90,14,0,Male,0,10,2020-04-12,Spain
Actualizacion_73_COVID-19.pdf,10-19,647,129,5,1,Both,10,20,2020-04-12,Spain
Actualizacion_73_COVID-19.pdf,10-19,341,71,2,1,Female,10,20,2020-04-12,Spain
Actualizacion_73_COVID-19.pdf,10-19,306,58,3,0,Male,10,20,2020-04-12,Spain
Actualizacion_73_COVID-19.pdf,20-29,6137,914,53,17,Both,20,30,2020-04-12,Spain
Actualizacion_73_COVID-19.pdf,20-29,4000,462,22,5,Female,20,30,2020-04-12,Spain
Actualizacion_73_COVID-19.pdf,20-29,2131,447,31,12,Male,20,30,2020-04-12,Spain
Actualizacion_73_COVID-19.pdf,30-39,11484,2409,170,35,Both,30,40,2020-04-12,Spain
Actualizacion_73_COVID-19.pdf,30-39,6948,1132,61,15,Female,30,40,2020-04-12,Spain
Actualizacion_73_COVID-19.pdf,30-39,4535,1276,109,20,Male,30,40,2020-04-12,Spain
Actualizacion_73_COVID-19.pdf,40-49,17962,5500,424,109,Both,40,50,2020-04-12,Spain
Actualizacion_73_COVID-19.pdf,40-49,9989,2197,118,39,Female,40,50,2020-04-12,Spain
Actualizacion_73_COVID-19.pdf,40-49,7971,3303,306,70,Male,40,50,2020-04-12,Spain
Actualizacion_73_COVID-19.pdf,50-59,22336,8933,938,281,Both,50,60,2020-04-12,Spain
Actualizacion_73_COVID-19.pdf,50-59,12095,3549,260,89,Female,50,60,2020-04-12,Spain
Actualizacion_73_COVID-19.pdf,50-59,10237,5382,677,192,Male,50,60,2020-04-12,Spain
Actualizacion_73_COVID-19.pdf,60-69,19747,11469,1563,873,Both,60,70,2020-04-12,Spain
Actualizacion_73_COVID-19.pdf,60-69,9134,4511,432,259,Female,60,70,2020-04-12,Spain
Actualizacion_73_COVID-19.pdf,60-69,10610,6956,1131,614,Male,60,70,2020-04-12,Spain
Actualizacion_73_COVID-19.pdf,70-79,18716,13726,1519,2607,Both,70,80,2020-04-12,Spain
Actualizacion_73_COVID-19.pdf,70-79,7884,5410,440,770,Female,70,80,2020-04-12,Spain
Actualizacion_73_COVID-19.pdf,70-79,10829,8313,1077,1837,Male,70,80,2020-04-12,Spain
Actualizacion_73_COVID-19.pdf,80-89,16468,10762,160,3969,Both,80,90,2020-04-12,Spain
Actualizacion_73_COVID-19.pdf,80-89,8537,4952,73,1624,Female,80,90,2020-04-12,Spain
Actualizacion_73_COVID-19.pdf,80-89,7930,5809,87,2345,Male,80,90,2020-04-12,Spain
Actualizacion_73_COVID-19.pdf,90,6101,2976,16,1589,Both,90,120,2020-04-12,Spain
Actualizacion_73_COVID-19.pdf,90,3989,1696,7,880,Female,90,120,2020-04-12,Spain
Actualizacion_73_COVID-19.pdf,90,2112,1280,9,709,Male,90,120,2020-04-12,Spain
Actualizacion_74_COVID-19.pdf,0-9,396,154,20,1,Both,0,10,2020-04-13,Spain
Actualizacion_74_COVID-19.pdf,0-9,184,64,6,1,Female,0,10,2020-04-13,Spain
Actualizacion_74_COVID-19.pdf,0-9,212,90,14,0,Male,0,10,2020-04-13,Spain
Actualizacion_74_COVID-19.pdf,10-19,647,129,5,1,Both,10,20,2020-04-13,Spain
Actualizacion_74_COVID-19.pdf,10-19,341,71,2,1,Female,10,20,2020-04-13,Spain
Actualizacion_74_COVID-19.pdf,10-19,306,58,3,0,Male,10,20,2020-04-13,Spain
Actualizacion_74_COVID-19.pdf,20-29,6137,914,53,17,Both,20,30,2020-04-13,Spain
Actualizacion_74_COVID-19.pdf,20-29,4000,462,22,5,Female,20,30,2020-04-13,Spain
Actualizacion_74_COVID-19.pdf,20-29,2131,447,31,12,Male,20,30,2020-04-13,Spain
Actualizacion_74_COVID-19.pdf,30-39,11484,2409,170,35,Both,30,40,2020-04-13,Spain
Actualizacion_74_COVID-19.pdf,30-39,6948,1132,61,15,Female,30,40,2020-04-13,Spain
Actualizacion_74_COVID-19.pdf,30-39,4535,1276,109,20,Male,30,40,2020-04-13,Spain
Actualizacion_74_COVID-19.pdf,40-49,17962,5500,424,109,Both,40,50,2020-04-13,Spain
Actualizacion_74_COVID-19.pdf,40-49,9989,2197,118,39,Female,40,50,2020-04-13,Spain
Actualizacion_74_COVID-19.pdf,40-49,7971,3303,306,70,Male,40,50,2020-04-13,Spain
Actualizacion_74_COVID-19.pdf,50-59,22336,8933,938,281,Both,50,60,2020-04-13,Spain
Actualizacion_74_COVID-19.pdf,50-59,12095,3549,260,89,Female,50,60,2020-04-13,Spain
Actualizacion_74_COVID-19.pdf,50-59,10237,5382,677,192,Male,50,60,2020-04-13,Spain
Actualizacion_74_COVID-19.pdf,60-69,19747,11469,1563,873,Both,60,70,2020-04-13,Spain
Actualizacion_74_COVID-19.pdf,60-69,9134,4511,432,259,Female,60,70,2020-04-13,Spain
Actualizacion_74_COVID-19.pdf,60-69,10610,6956,1131,614,Male,60,70,2020-04-13,Spain
Actualizacion_74_COVID-19.pdf,70-79,18716,13726,1519,2607,Both,70,80,2020-04-13,Spain
Actualizacion_74_COVID-19.pdf,70-79,7884,5410,440,770,Female,70,80,2020-04-13,Spain
Actualizacion_74_COVID-19.pdf,70-79,10829,8313,1077,1837,Male,70,80,2020-04-13,Spain
Actualizacion_74_COVID-19.pdf,80-89,16468,10762,160,3969,Both,80,90,2020-04-13,Spain
Actualizacion_74_COVID-19.pdf,80-89,8537,4952,73,1624,Female,80,90,2020-04-13,Spain
Actualizacion_74_COVID-19.pdf,80-89,7930,5809,87,2345,Male,80,90,2020-04-13,Spain
Actualizacion_74_COVID-19.pdf,90,6101,2976,16,1589,Both,90,120,2020-04-13,Spain
Actualizacion_74_COVID-19.pdf,90,3989,1696,7,880,Female,90,120,2020-04-13,Spain
Actualizacion_74_COVID-19.pdf,90,2112,1280,9,709,Male,90,120,2020-04-13,Spain
Actualizacion_75_COVID-19.pdf,0-9,395,151,20,1,Both,0,10,2020-04-14,Spain
Actualizacion_75_COVID-19.pdf,0-9,184,63,1,1,Female,0,10,2020-04-14,Spain
Actualizacion_75_COVID-19.pdf,0-9,211,88,14,0,Male,0,10,2020-04-14,Spain
Actualizacion_75_COVID-19.pdf,10-19,650,128,5,1,Both,10,20,2020-04-14,Spain
Actualizacion_75_COVID-19.pdf,10-19,344,71,2,1,Female,10,20,2020-04-14,Spain
Actualizacion_75_COVID-19.pdf,10-19,306,57,3,0,Male,10,20,2020-04-14,Spain
Actualizacion_75_COVID-19.pdf,20-29,6148,915,53,17,Both,20,30,2020-04-14,Spain
Actualizacion_75_COVID-19.pdf,20-29,4004,463,19,5,Female,20,30,2020-04-14,Spain
Actualizacion_75_COVID-19.pdf,20-29,2138,447,31,12,Male,20,30,2020-04-14,Spain
Actualizacion_75_COVID-19.pdf,30-39,11524,2418,171,35,Both,30,40,2020-04-14,Spain
Actualizacion_75_COVID-19.pdf,30-39,6981,1139,48,15,Female,30,40,2020-04-14,Spain
Actualizacion_75_COVID-19.pdf,30-39,4542,1278,108,20,Male,30,40,2020-04-14,Spain
Actualizacion_75_COVID-19.pdf,40-49,18002,5510,427,109,Both,40,50,2020-04-14,Spain
Actualizacion_75_COVID-19.pdf,40-49,10011,2199,97,39,Female,40,50,2020-04-14,Spain
Actualizacion_75_COVID-19.pdf,40-49,7989,3311,309,70,Male,40,50,2020-04-14,Spain
Actualizacion_75_COVID-19.pdf,50-59,22390,8946,941,284,Both,50,60,2020-04-14,Spain
Actualizacion_75_COVID-19.pdf,50-59,12123,3557,222,89,Female,50,60,2020-04-14,Spain
Actualizacion_75_COVID-19.pdf,50-59,10264,5387,681,195,Male,50,60,2020-04-14,Spain
Actualizacion_75_COVID-19.pdf,60-69,19796,11492,1560,880,Both,60,70,2020-04-14,Spain
Actualizacion_75_COVID-19.pdf,60-69,9154,4517,393,262,Female,60,70,2020-04-14,Spain
Actualizacion_75_COVID-19.pdf,60-69,10639,6973,1129,618,Male,60,70,2020-04-14,Spain
Actualizacion_75_COVID-19.pdf,70-79,18764,13763,1502,2625,Both,70,80,2020-04-14,Spain
Actualizacion_75_COVID-19.pdf,70-79,7912,5427,664,775,Female,70,80,2020-04-14,Spain
Actualizacion_75_COVID-19.pdf,70-79,10849,8333,1067,1850,Male,70,80,2020-04-14,Spain
Actualizacion_75_COVID-19.pdf,80-89,16556,10817,160,3999,Both,80,90,2020-04-14,Spain
Actualizacion_75_COVID-19.pdf,80-89,8596,4978,645,1643,Female,80,90,2020-04-14,Spain
Actualizacion_75_COVID-19.pdf,80-89,7959,5838,86,2356,Male,80,90,2020-04-14,Spain
Actualizacion_75_COVID-19.pdf,90,6152,2993,16,1614,Both,90,120,2020-04-14,Spain
Actualizacion_75_COVID-19.pdf,90,4020,1708,255,897,Female,90,120,2020-04-14,Spain
Actualizacion_75_COVID-19.pdf,90,2132,1285,9,716,Male,90,120,2020-04-14,Spain
Actualizacion_76_COVID-19.pdf,0-9,382,137,20,1,Both,0,10,2020-04-15,Spain
Actualizacion_76_COVID-19.pdf,0-9,177,57,1,1,Female,0,10,2020-04-15,Spain
Actualizacion_76_COVID-19.pdf,0-9,205,80,14,0,Male,0,10,2020-04-15,Spain
Actualizacion_76_COVID-19.pdf,10-19,682,132,6,1,Both,10,20,2020-04-15,Spain
Actualizacion_76_COVID-19.pdf,10-19,361,73,2,1,Female,10,20,2020-04-15,Spain
Actualizacion_76_COVID-19.pdf,10-19,321,59,4,0,Male,10,20,2020-04-15,Spain
Actualizacion_76_COVID-19.pdf,20-29,6294,917,53,17,Both,20,30,2020-04-15,Spain
Actualizacion_76_COVID-19.pdf,20-29,4094,463,18,5,Female,20,30,2020-04-15,Spain
Actualizacion_76_COVID-19.pdf,20-29,2192,448,32,12,Male,20,30,2020-04-15,Spain
Actualizacion_76_COVID-19.pdf,30-39,11752,2416,169,35,Both,30,40,2020-04-15,Spain
Actualizacion_76_COVID-19.pdf,30-39,7125,1136,47,15,Female,30,40,2020-04-15,Spain
Actualizacion_76_COVID-19.pdf,30-39,4626,1279,107,21,Male,30,40,2020-04-15,Spain
Actualizacion_76_COVID-19.pdf,40-49,18388,5514,431,109,Both,40,50,2020-04-15,Spain
Actualizacion_76_COVID-19.pdf,40-49,10236,2202,104,39,Female,40,50,2020-04-15,Spain
Actualizacion_76_COVID-19.pdf,40-49,8149,3312,309,74,Male,40,50,2020-04-15,Spain
Actualizacion_76_COVID-19.pdf,50-59,22844,8965,940,284,Both,50,60,2020-04-15,Spain
Actualizacion_76_COVID-19.pdf,50-59,12409,3562,223,89,Female,50,60,2020-04-15,Spain
Actualizacion_76_COVID-19.pdf,50-59,10432,5401,682,195,Male,50,60,2020-04-15,Spain
Actualizacion_76_COVID-19.pdf,60-69,20137,11508,1561,887,Both,60,70,2020-04-15,Spain
Actualizacion_76_COVID-19.pdf,60-69,9332,4515,395,264,Female,60,70,2020-04-15,Spain
Actualizacion_76_COVID-19.pdf,60-69,10802,6991,1132,644,Male,60,70,2020-04-15,Spain
Actualizacion_76_COVID-19.pdf,70-79,19042,13765,1500,2633,Both,70,80,2020-04-15,Spain
Actualizacion_76_COVID-19.pdf,70-79,8069,5434,667,778,Female,70,80,2020-04-15,Spain
Actualizacion_76_COVID-19.pdf,70-79,10970,8328,1070,1842,Male,70,80,2020-04-15,Spain
Actualizacion_76_COVID-19.pdf,80-89,16962,10824,162,4016,Both,80,90,2020-04-15,Spain
Actualizacion_76_COVID-19.pdf,80-89,8830,4938,647,1653,Female,80,90,2020-04-15,Spain
Actualizacion_76_COVID-19.pdf,80-89,8132,5886,87,2291,Male,80,90,2020-04-15,Spain
Actualizacion_76_COVID-19.pdf,90,6335,2928,16,1622,Both,90,120,2020-04-15,Spain
Actualizacion_76_COVID-19.pdf,90,4144,1646,255,901,Female,90,120,2020-04-15,Spain
Actualizacion_76_COVID-19.pdf,90,2191,1282,9,695,Male,90,120,2020-04-15,Spain
Actualizacion_77_COVID-19.pdf,0-9,423,151,19,1,Both,0,10,2020-04-16,Spain
Actualizacion_77_COVID-19.pdf,0-9,199,63,1,1,Female,0,10,2020-04-16,Spain
Actualizacion_77_COVID-19.pdf,0-9,224,88,13,0,Male,0,10,2020-04-16,Spain
Actualizacion_77_COVID-19.pdf,10-19,734,143,7,2,Both,10,20,2020-04-16,Spain
Actualizacion_77_COVID-19.pdf,10-19,392,77,2,1,Female,10,20,2020-04-16,Spain
Actualizacion_77_COVID-19.pdf,10-19,342,66,5,1,Male,10,20,2020-04-16,Spain
Actualizacion_77_COVID-19.pdf,20-29,6763,958,54,19,Both,20,30,2020-04-16,Spain
Actualizacion_77_COVID-19.pdf,20-29,4428,488,19,5,Female,20,30,2020-04-16,Spain
Actualizacion_77_COVID-19.pdf,20-29,2331,467,32,14,Male,20,30,2020-04-16,Spain
Actualizacion_77_COVID-19.pdf,30-39,12466,2490,176,37,Both,30,40,2020-04-16,Spain
Actualizacion_77_COVID-19.pdf,30-39,7623,1172,48,16,Female,30,40,2020-04-16,Spain
Actualizacion_77_COVID-19.pdf,30-39,4843,1318,113,22,Male,30,40,2020-04-16,Spain
Actualizacion_77_COVID-19.pdf,40-49,19536,5737,452,116,Both,40,50,2020-04-16,Spain
Actualizacion_77_COVID-19.pdf,40-49,10990,2296,115,42,Female,40,50,2020-04-16,Spain
Actualizacion_77_COVID-19.pdf,40-49,8543,3441,319,78,Male,40,50,2020-04-16,Spain
Actualizacion_77_COVID-19.pdf,50-59,24471,9408,990,312,Both,50,60,2020-04-16,Spain
Actualizacion_77_COVID-19.pdf,50-59,13434,3760,240,102,Female,50,60,2020-04-16,Spain
Actualizacion_77_COVID-19.pdf,50-59,11034,5646,715,210,Male,50,60,2020-04-16,Spain
Actualizacion_77_COVID-19.pdf,60-69,21249,12033,1644,958,Both,60,70,2020-04-16,Spain
Actualizacion_77_COVID-19.pdf,60-69,9858,4688,410,282,Female,60,70,2020-04-16,Spain
Actualizacion_77_COVID-19.pdf,60-69,11390,7344,1200,697,Male,60,70,2020-04-16,Spain
Actualizacion_77_COVID-19.pdf,70-79,20287,14406,1546,2868,Both,70,80,2020-04-16,Spain
Actualizacion_77_COVID-19.pdf,70-79,8664,5682,681,850,Female,70,80,2020-04-16,Spain
Actualizacion_77_COVID-19.pdf,70-79,11620,8721,1102,2005,Male,70,80,2020-04-16,Spain
Actualizacion_77_COVID-19.pdf,80-89,19317,11684,169,4528,Both,80,90,2020-04-16,Spain
Actualizacion_77_COVID-19.pdf,80-89,10328,5380,648,1902,Female,80,90,2020-04-16,Spain
Actualizacion_77_COVID-19.pdf,80-89,8989,6304,93,2554,Male,80,90,2020-04-16,Spain
Actualizacion_77_COVID-19.pdf,90,7836,3282,17,1952,Both,90,120,2020-04-16,Spain
Actualizacion_77_COVID-19.pdf,90,5264,1872,256,1115,Female,90,120,2020-04-16,Spain
Actualizacion_77_COVID-19.pdf,90,2572,1410,9,811,Male,90,120,2020-04-16,Spain
Actualizacion_78_COVID-19.pdf,0-9,433,159,19,1,Both,0,10,2020-04-17,Spain
Actualizacion_78_COVID-19.pdf,0-9,199,66,1,1,Female,0,10,2020-04-17,Spain
Actualizacion_78_COVID-19.pdf,0-9,236,93,13,0,Male,0,10,2020-04-17,Spain
Actualizacion_78_COVID-19.pdf,10-19,738,150,8,2,Both,10,20,2020-04-17,Spain
Actualizacion_78_COVID-19.pdf,10-19,395,80,3,1,Female,10,20,2020-04-17,Spain
Actualizacion_78_COVID-19.pdf,10-19,345,70,5,1,Male,10,20,2020-04-17,Spain
Actualizacion_78_COVID-19.pdf,20-29,6864,972,54,20,Both,20,30,2020-04-17,Spain
Actualizacion_78_COVID-19.pdf,20-29,4501,490,19,5,Female,20,30,2020-04-17,Spain
Actualizacion_78_COVID-19.pdf,20-29,2360,479,32,15,Male,20,30,2020-04-17,Spain
Actualizacion_78_COVID-19.pdf,30-39,12671,2532,178,37,Both,30,40,2020-04-17,Spain
Actualizacion_78_COVID-19.pdf,30-39,7764,1195,49,15,Female,30,40,2020-04-17,Spain
Actualizacion_78_COVID-19.pdf,30-39,4903,1337,114,22,Male,30,40,2020-04-17,Spain
Actualizacion_78_COVID-19.pdf,40-49,19877,5822,459,118,Both,40,50,2020-04-17,Spain
Actualizacion_78_COVID-19.pdf,40-49,11221,2341,117,42,Female,40,50,2020-04-17,Spain
Actualizacion_78_COVID-19.pdf,40-49,8660,3481,324,76,Male,40,50,2020-04-17,Spain
Actualizacion_78_COVID-19.pdf,50-59,24875,9540,1004,319,Both,50,60,2020-04-17,Spain
Actualizacion_78_COVID-19.pdf,50-59,13684,3810,243,103,Female,50,60,2020-04-17,Spain
Actualizacion_78_COVID-19.pdf,50-59,11198,5728,726,216,Male,50,60,2020-04-17,Spain
Actualizacion_78_COVID-19.pdf,60-69,21601,12214,1673,972,Both,60,70,2020-04-17,Spain
Actualizacion_78_COVID-19.pdf,60-69,10037,4767,421,285,Female,60,70,2020-04-17,Spain
Actualizacion_78_COVID-19.pdf,60-69,11562,7447,1218,687,Male,60,70,2020-04-17,Spain
Actualizacion_78_COVID-19.pdf,70-79,20669,14629,1567,2926,Both,70,80,2020-04-17,Spain
Actualizacion_78_COVID-19.pdf,70-79,8847,5781,695,864,Female,70,80,2020-04-17,Spain
Actualizacion_78_COVID-19.pdf,70-79,11810,8845,1109,2062,Male,70,80,2020-04-17,Spain
Actualizacion_78_COVID-19.pdf,80-89,19931,11954,173,4659,Both,80,90,2020-04-17,Spain
Actualizacion_78_COVID-19.pdf,80-89,10685,5507,650,1961,Female,80,90,2020-04-17,Spain
Actualizacion_78_COVID-19.pdf,80-89,9241,6447,95,2698,Male,80,90,2020-04-17,Spain
Actualizacion_78_COVID-19.pdf,90,8130,3405,17,2012,Both,90,120,2020-04-17,Spain
Actualizacion_78_COVID-19.pdf,90,5467,1944,256,1149,Female,90,120,2020-04-17,Spain
Actualizacion_78_COVID-19.pdf,90,2667,1461,9,862,Male,90,120,2020-04-17,Spain
Actualizacion_79_COVID-19.pdf,0-9,448,165,19,1,Both,0,10,2020-04-18,Spain
Actualizacion_79_COVID-19.pdf,0-9,200,68,1,1,Female,0,10,2020-04-18,Spain
Actualizacion_79_COVID-19.pdf,0-9,250,97,13,0,Male,0,10,2020-04-18,Spain
Actualizacion_79_COVID-19.pdf,10-19,757,159,8,2,Both,10,20,2020-04-18,Spain
Actualizacion_79_COVID-19.pdf,10-19,404,84,3,1,Female,10,20,2020-04-18,Spain
Actualizacion_79_COVID-19.pdf,10-19,355,75,5,1,Male,10,20,2020-04-18,Spain
Actualizacion_79_COVID-19.pdf,20-29,6926,990,54,20,Both,20,30,2020-04-18,Spain
Actualizacion_79_COVID-19.pdf,20-29,4535,501,19,5,Female,20,30,2020-04-18,Spain
Actualizacion_79_COVID-19.pdf,20-29,2388,487,32,15,Male,20,30,2020-04-18,Spain
Actualizacion_79_COVID-19.pdf,30-39,12788,2588,183,37,Both,30,40,2020-04-18,Spain
Actualizacion_79_COVID-19.pdf,30-39,7840,1230,52,15,Female,30,40,2020-04-18,Spain
Actualizacion_79_COVID-19.pdf,30-39,4944,1358,116,22,Male,30,40,2020-04-18,Spain
Actualizacion_79_COVID-19.pdf,40-49,20037,5965,478,121,Both,40,50,2020-04-18,Spain
Actualizacion_79_COVID-19.pdf,40-49,11315,2421,122,42,Female,40,50,2020-04-18,Spain
Actualizacion_79_COVID-19.pdf,40-49,8726,3544,335,79,Male,40,50,2020-04-18,Spain
Actualizacion_79_COVID-19.pdf,50-59,25072,9730,1034,322,Both,50,60,2020-04-18,Spain
Actualizacion_79_COVID-19.pdf,50-59,13791,3898,253,103,Female,50,60,2020-04-18,Spain
Actualizacion_79_COVID-19.pdf,50-59,11288,5831,743,219,Male,50,60,2020-04-18,Spain
Actualizacion_79_COVID-19.pdf,60-69,21724,12484,1729,987,Both,60,70,2020-04-18,Spain
Actualizacion_79_COVID-19.pdf,60-69,10096,4888,436,288,Female,60,70,2020-04-18,Spain
Actualizacion_79_COVID-19.pdf,60-69,11626,7596,1255,699,Male,60,70,2020-04-18,Spain
Actualizacion_79_COVID-19.pdf,70-79,20801,14987,1636,2955,Both,70,80,2020-04-18,Spain
Actualizacion_79_COVID-19.pdf,70-79,8914,5920,715,871,Female,70,80,2020-04-18,Spain
Actualizacion_79_COVID-19.pdf,70-79,11875,9065,1150,2084,Male,70,80,2020-04-18,Spain
Actualizacion_79_COVID-19.pdf,80-89,20137,12207,177,4726,Both,80,90,2020-04-18,Spain
Actualizacion_79_COVID-19.pdf,80-89,10807,5619,648,1984,Female,80,90,2020-04-18,Spain
Actualizacion_79_COVID-19.pdf,80-89,9325,6588,100,2742,Male,80,90,2020-04-18,Spain
Actualizacion_79_COVID-19.pdf,90,8268,3490,18,2049,Both,90,120,2020-04-18,Spain
Actualizacion_79_COVID-19.pdf,90,5575,1994,256,1172,Female,90,120,2020-04-18,Spain
Actualizacion_79_COVID-19.pdf,90,2696,1496,10,876,Male,90,120,2020-04-18,Spain
Actualizacion_80_COVID-19.pdf,0-9,451,167,21,2,Both,0,10,2020-04-19,Spain
Actualizacion_80_COVID-19.pdf,0-9,202,69,7,1,Female,0,10,2020-04-19,Spain
Actualizacion_80_COVID-19.pdf,0-9,251,98,14,1,Male,0,10,2020-04-19,Spain
Actualizacion_80_COVID-19.pdf,10-19,768,162,10,3,Both,10,20,2020-04-19,Spain
Actualizacion_80_COVID-19.pdf,10-19,411,86,4,2,Female,10,20,2020-04-19,Spain
Actualizacion_80_COVID-19.pdf,10-19,359,76,6,1,Male,10,20,2020-04-19,Spain
Actualizacion_80_COVID-19.pdf,20-29,6996,1007,59,22,Both,20,30,2020-04-19,Spain
Actualizacion_80_COVID-19.pdf,20-29,4588,512,25,7,Female,20,30,2020-04-19,Spain
Actualizacion_80_COVID-19.pdf,20-29,2405,493,34,15,Male,20,30,2020-04-19,Spain
Actualizacion_80_COVID-19.pdf,30-39,12904,2634,192,46,Both,30,40,2020-04-19,Spain
Actualizacion_80_COVID-19.pdf,30-39,7913,1246,70,23,Female,30,40,2020-04-19,Spain
Actualizacion_80_COVID-19.pdf,30-39,4987,1388,122,23,Male,30,40,2020-04-19,Spain
Actualizacion_80_COVID-19.pdf,40-49,20201,6097,530,134,Both,40,50,2020-04-19,Spain
Actualizacion_80_COVID-19.pdf,40-49,11416,2477,161,48,Female,40,50,2020-04-19,Spain
Actualizacion_80_COVID-19.pdf,40-49,8790,3620,369,86,Male,40,50,2020-04-19,Spain
Actualizacion_80_COVID-19.pdf,50-59,25239,9913,1085,356,Both,50,60,2020-04-19,Spain
Actualizacion_80_COVID-19.pdf,50-59,13894,3973,304,110,Female,50,60,2020-04-19,Spain
Actualizacion_80_COVID-19.pdf,50-59,11352,5939,781,246,Male,50,60,2020-04-19,Spain
Actualizacion_80_COVID-19.pdf,60-69,21848,12655,1814,1067,Both,60,70,2020-04-19,Spain
Actualizacion_80_COVID-19.pdf,60-69,10160,4950,507,315,Female,60,70,2020-04-19,Spain
Actualizacion_80_COVID-19.pdf,60-69,11687,7705,1307,752,Male,60,70,2020-04-19,Spain
Actualizacion_80_COVID-19.pdf,70-79,20909,15184,1704,3098,Both,70,80,2020-04-19,Spain
Actualizacion_80_COVID-19.pdf,70-79,8954,5996,506,922,Female,70,80,2020-04-19,Spain
Actualizacion_80_COVID-19.pdf,70-79,11944,9187,1197,2175,Male,70,80,2020-04-19,Spain
Actualizacion_80_COVID-19.pdf,80-89,20277,12386,203,4883,Both,80,90,2020-04-19,Spain
Actualizacion_80_COVID-19.pdf,80-89,10885,5709,90,2045,Female,80,90,2020-04-19,Spain
Actualizacion_80_COVID-19.pdf,80-89,9387,6677,113,2838,Male,80,90,2020-04-19,Spain
Actualizacion_80_COVID-19.pdf,90,8343,3539,24,2095,Both,90,120,2020-04-19,Spain
Actualizacion_80_COVID-19.pdf,90,5631,2033,12,1197,Female,90,120,2020-04-19,Spain
Actualizacion_80_COVID-19.pdf,90,2716,1506,12,898,Male,90,120,2020-04-19,Spain
Actualizacion_81_COVID-19.pdf,0-9,480,182,25,3,Both,0,10,2020-04-20,Spain
Actualizacion_81_COVID-19.pdf,0-9,215,76,9,1,Female,0,10,2020-04-20,Spain
Actualizacion_81_COVID-19.pdf,0-9,267,106,16,2,Male,0,10,2020-04-20,Spain
Actualizacion_81_COVID-19.pdf,10-19,817,180,13,3,Both,10,20,2020-04-20,Spain
Actualizacion_81_COVID-19.pdf,10-19,438,91,5,2,Female,10,20,2020-04-20,Spain
Actualizacion_81_COVID-19.pdf,10-19,381,89,8,1,Male,10,20,2020-04-20,Spain
Actualizacion_81_COVID-19.pdf,20-29,7497,1078,68,30,Both,20,30,2020-04-20,Spain
Actualizacion_81_COVID-19.pdf,20-29,4924,555,30,12,Female,20,30,2020-04-20,Spain
Actualizacion_81_COVID-19.pdf,20-29,2570,521,38,18,Male,20,30,2020-04-20,Spain
Actualizacion_81_COVID-19.pdf,30-39,13638,2791,198,57,Both,30,40,2020-04-20,Spain
Actualizacion_81_COVID-19.pdf,30-39,8393,1322,72,28,Female,30,40,2020-04-20,Spain
Actualizacion_81_COVID-19.pdf,30-39,5241,1469,126,29,Male,30,40,2020-04-20,Spain
Actualizacion_81_COVID-19.pdf,40-49,21320,6458,553,144,Both,40,50,2020-04-20,Spain
Actualizacion_81_COVID-19.pdf,40-49,12135,2641,172,54,Female,40,50,2020-04-20,Spain
Actualizacion_81_COVID-19.pdf,40-49,9190,3817,381,90,Male,40,50,2020-04-20,Spain
Actualizacion_81_COVID-19.pdf,50-59,26550,10568,1124,383,Both,50,60,2020-04-20,Spain
Actualizacion_81_COVID-19.pdf,50-59,14682,4265,313,120,Female,50,60,2020-04-20,Spain
Actualizacion_81_COVID-19.pdf,50-59,11875,6302,811,263,Male,50,60,2020-04-20,Spain
Actualizacion_81_COVID-19.pdf,60-69,22792,13273,1864,1098,Both,60,70,2020-04-20,Spain
Actualizacion_81_COVID-19.pdf,60-69,10649,5210,522,328,Female,60,70,2020-04-20,Spain
Actualizacion_81_COVID-19.pdf,60-69,12142,8063,1342,770,Male,60,70,2020-04-20,Spain
Actualizacion_81_COVID-19.pdf,70-79,21773,15837,1738,3207,Both,70,80,2020-04-20,Spain
Actualizacion_81_COVID-19.pdf,70-79,9360,6282,515,966,Female,70,80,2020-04-20,Spain
Actualizacion_81_COVID-19.pdf,70-79,12402,9554,1222,2240,Male,70,80,2020-04-20,Spain
Actualizacion_81_COVID-19.pdf,80-89,21498,13205,214,5156,Both,80,90,2020-04-20,Spain
Actualizacion_81_COVID-19.pdf,80-89,11590,6146,93,2171,Female,80,90,2020-04-20,Spain
Actualizacion_81_COVID-19.pdf,80-89,9903,7059,121,2985,Male,80,90,2020-04-20,Spain
Actualizacion_81_COVID-19.pdf,90,8993,3879,27,2213,Both,90,120,2020-04-20,Spain
Actualizacion_81_COVID-19.pdf,90,6087,2256,13,1269,Female,90,120,2020-04-20,Spain
Actualizacion_81_COVID-19.pdf,90,2910,1623,14,944,Male,90,120,2020-04-20,Spain
Actualizacion_82_COVID-19.pdf,0-9,484,186,25,3,Both,0,10,2020-04-21,Spain
Actualizacion_82_COVID-19.pdf,0-9,216,76,9,1,Female,0,10,2020-04-21,Spain
Actualizacion_82_COVID-19.pdf,0-9,270,110,16,2,Male,0,10,2020-04-21,Spain
Actualizacion_82_COVID-19.pdf,10-19,821,182,13,3,Both,10,20,2020-04-21,Spain
Actualizacion_82_COVID-19.pdf,10-19,440,92,5,2,Female,10,20,2020-04-21,Spain
Actualizacion_82_COVID-19.pdf,10-19,383,90,8,1,Male,10,20,2020-04-21,Spain
Actualizacion_82_COVID-19.pdf,20-29,7525,1084,68,30,Both,20,30,2020-04-21,Spain
Actualizacion_82_COVID-19.pdf,20-29,4944,557,30,12,Female,20,30,2020-04-21,Spain
Actualizacion_82_COVID-19.pdf,20-29,2577,524,38,18,Male,20,30,2020-04-21,Spain
Actualizacion_82_COVID-19.pdf,30-39,13687,2795,198,57,Both,30,40,2020-04-21,Spain
Actualizacion_82_COVID-19.pdf,30-39,8427,1324,72,28,Female,30,40,2020-04-21,Spain
Actualizacion_82_COVID-19.pdf,30-39,5256,1471,126,29,Male,30,40,2020-04-21,Spain
Actualizacion_82_COVID-19.pdf,40-49,21370,6467,553,144,Both,40,50,2020-04-21,Spain
Actualizacion_82_COVID-19.pdf,40-49,12168,2648,172,54,Female,40,50,2020-04-21,Spain
Actualizacion_82_COVID-19.pdf,40-49,9207,3819,381,90,Male,40,50,2020-04-21,Spain
Actualizacion_82_COVID-19.pdf,50-59,26613,10588,1126,386,Both,50,60,2020-04-21,Spain
Actualizacion_82_COVID-19.pdf,50-59,14716,4271,314,122,Female,50,60,2020-04-21,Spain
Actualizacion_82_COVID-19.pdf,50-59,11904,6316,812,264,Male,50,60,2020-04-21,Spain
Actualizacion_82_COVID-19.pdf,60-69,22837,13289,1869,1103,Both,60,70,2020-04-21,Spain
Actualizacion_82_COVID-19.pdf,60-69,10675,5217,523,329,Female,60,70,2020-04-21,Spain
Actualizacion_82_COVID-19.pdf,60-69,12161,8072,1346,774,Male,60,70,2020-04-21,Spain
Actualizacion_82_COVID-19.pdf,70-79,21827,15865,1741,3223,Both,70,80,2020-04-21,Spain
Actualizacion_82_COVID-19.pdf,70-79,9388,6295,515,968,Female,70,80,2020-04-21,Spain
Actualizacion_82_COVID-19.pdf,70-79,12428,9569,1225,2254,Male,70,80,2020-04-21,Spain
Actualizacion_82_COVID-19.pdf,80-89,21579,13239,214,5185,Both,80,90,2020-04-21,Spain
Actualizacion_82_COVID-19.pdf,80-89,11648,6167,93,2187,Female,80,90,2020-04-21,Spain
Actualizacion_82_COVID-19.pdf,80-89,9926,7072,121,2998,Male,80,90,2020-04-21,Spain
Actualizacion_82_COVID-19.pdf,90,9040,3900,27,2231,Both,90,120,2020-04-21,Spain
Actualizacion_82_COVID-19.pdf,90,6125,2271,13,1285,Female,90,120,2020-04-21,Spain
Actualizacion_82_COVID-19.pdf,90,2919,1629,14,946,Male,90,120,2020-04-21,Spain
Actualizacion_83_COVID-19.pdf,0-9,492,189,25,2,Both,0,10,2020-04-22,Spain
Actualizacion_83_COVID-19.pdf,0-9,220,78,9,1,Female,0,10,2020-04-22,Spain
Actualizacion_83_COVID-19.pdf,0-9,274,111,16,1,Male,0,10,2020-04-22,Spain
Actualizacion_83_COVID-19.pdf,10-19,839,184,13,3,Both,10,20,2020-04-22,Spain
Actualizacion_83_COVID-19.pdf,10-19,450,94,5,2,Female,10,20,2020-04-22,Spain
Actualizacion_83_COVID-19.pdf,10-19,390,90,8,1,Male,10,20,2020-04-22,Spain
Actualizacion_83_COVID-19.pdf,20-29,7625,1087,68,24,Both,20,30,2020-04-22,Spain
Actualizacion_83_COVID-19.pdf,20-29,5009,560,30,9,Female,20,30,2020-04-22,Spain
Actualizacion_83_COVID-19.pdf,20-29,2612,524,38,15,Male,20,30,2020-04-22,Spain
Actualizacion_83_COVID-19.pdf,30-39,13857,2814,199,48,Both,30,40,2020-04-22,Spain
Actualizacion_83_COVID-19.pdf,30-39,8544,1336,72,23,Female,30,40,2020-04-22,Spain
Actualizacion_83_COVID-19.pdf,30-39,5309,1478,127,25,Male,30,40,2020-04-22,Spain
Actualizacion_83_COVID-19.pdf,40-49,21658,6497,555,138,Both,40,50,2020-04-22,Spain
Actualizacion_83_COVID-19.pdf,40-49,12358,2666,172,49,Female,40,50,2020-04-22,Spain
Actualizacion_83_COVID-19.pdf,40-49,9305,3831,383,89,Male,40,50,2020-04-22,Spain
Actualizacion_83_COVID-19.pdf,50-59,26971,10652,1133,388,Both,50,60,2020-04-22,Spain
Actualizacion_83_COVID-19.pdf,50-59,14959,4306,316,120,Female,50,60,2020-04-22,Spain
Actualizacion_83_COVID-19.pdf,50-59,12018,6345,817,268,Male,50,60,2020-04-22,Spain
Actualizacion_83_COVID-19.pdf,60-69,23105,13353,1874,1119,Both,60,70,2020-04-22,Spain
Actualizacion_83_COVID-19.pdf,60-69,10813,5235,524,331,Female,60,70,2020-04-22,Spain
Actualizacion_83_COVID-19.pdf,60-69,12291,8118,1350,788,Male,60,70,2020-04-22,Spain
Actualizacion_83_COVID-19.pdf,70-79,22101,15984,1748,3278,Both,70,80,2020-04-22,Spain
Actualizacion_83_COVID-19.pdf,70-79,9525,6347,518,987,Female,70,80,2020-04-22,Spain
Actualizacion_83_COVID-19.pdf,70-79,12566,9637,1230,2291,Male,70,80,2020-04-22,Spain
Actualizacion_83_COVID-19.pdf,80-89,22067,13390,215,5306,Both,80,90,2020-04-22,Spain
Actualizacion_83_COVID-19.pdf,80-89,11970,6248,93,2249,Female,80,90,2020-04-22,Spain
Actualizacion_83_COVID-19.pdf,80-89,10092,7142,122,3057,Male,80,90,2020-04-22,Spain
Actualizacion_83_COVID-19.pdf,90,9398,3971,27,2328,Both,90,120,2020-04-22,Spain
Actualizacion_83_COVID-19.pdf,90,6405,2321,13,1356,Female,90,120,2020-04-22,Spain
Actualizacion_83_COVID-19.pdf,90,2997,1650,14,972,Male,90,120,2020-04-22,Spain
Actualizacion_84_COVID-19.pdf,0-9,502,191,26,2,Both,0,10,2020-04-23,Spain
Actualizacion_84_COVID-19.pdf,0-9,225,78,9,1,Female,0,10,2020-04-23,Spain
Actualizacion_84_COVID-19.pdf,0-9,277,113,17,1,Male,0,10,2020-04-23,Spain
Actualizacion_84_COVID-19.pdf,10-19,869,189,13,3,Both,10,20,2020-04-23,Spain
Actualizacion_84_COVID-19.pdf,10-19,465,95,5,2,Female,10,20,2020-04-23,Spain
Actualizacion_84_COVID-19.pdf,10-19,404,94,8,1,Male,10,20,2020-04-23,Spain
Actualizacion_84_COVID-19.pdf,20-29,7962,1110,68,25,Both,20,30,2020-04-23,Spain
Actualizacion_84_COVID-19.pdf,20-29,5276,577,31,10,Female,20,30,2020-04-23,Spain
Actualizacion_84_COVID-19.pdf,20-29,2684,531,37,15,Male,20,30,2020-04-23,Spain
Actualizacion_84_COVID-19.pdf,30-39,14304,2845,207,50,Both,30,40,2020-04-23,Spain
Actualizacion_84_COVID-19.pdf,30-39,8852,1361,79,24,Female,30,40,2020-04-23,Spain
Actualizacion_84_COVID-19.pdf,30-39,5452,1484,128,26,Male,30,40,2020-04-23,Spain
Actualizacion_84_COVID-19.pdf,40-49,22430,6570,560,138,Both,40,50,2020-04-23,Spain
Actualizacion_84_COVID-19.pdf,40-49,12892,2711,178,49,Female,40,50,2020-04-23,Spain
Actualizacion_84_COVID-19.pdf,40-49,9537,3859,382,89,Male,40,50,2020-04-23,Spain
Actualizacion_84_COVID-19.pdf,50-59,27795,10761,1161,400,Both,50,60,2020-04-23,Spain
Actualizacion_84_COVID-19.pdf,50-59,15504,4346,320,121,Female,50,60,2020-04-23,Spain
Actualizacion_84_COVID-19.pdf,50-59,12289,6415,841,279,Male,50,60,2020-04-23,Spain
Actualizacion_84_COVID-19.pdf,60-69,23595,13433,1894,1149,Both,60,70,2020-04-23,Spain
Actualizacion_84_COVID-19.pdf,60-69,11097,5274,535,339,Female,60,70,2020-04-23,Spain
Actualizacion_84_COVID-19.pdf,60-69,12498,8159,1359,810,Male,60,70,2020-04-23,Spain
Actualizacion_84_COVID-19.pdf,70-79,22470,16021,1781,3374,Both,70,80,2020-04-23,Spain
Actualizacion_84_COVID-19.pdf,70-79,9733,6373,527,1027,Female,70,80,2020-04-23,Spain
Actualizacion_84_COVID-19.pdf,70-79,12737,9648,1254,2347,Male,70,80,2020-04-23,Spain
Actualizacion_84_COVID-19.pdf,80-89,22832,13635,218,5491,Both,80,90,2020-04-23,Spain
Actualizacion_84_COVID-19.pdf,80-89,12534,6388,93,2343,Female,80,90,2020-04-23,Spain
Actualizacion_84_COVID-19.pdf,80-89,10298,7247,125,3148,Male,80,90,2020-04-23,Spain
Actualizacion_84_COVID-19.pdf,90,9828,4085,28,2446,Both,90,120,2020-04-23,Spain
Actualizacion_84_COVID-19.pdf,90,6751,2400,13,1442,Female,90,120,2020-04-23,Spain
Actualizacion_84_COVID-19.pdf,90,3077,1685,15,1004,Male,90,120,2020-04-23,Spain
Actualizacion_85_COVID-19.pdf,0-9,506,192,26,2,Both,0,10,2020-04-24,Spain
Actualizacion_85_COVID-19.pdf,0-9,228,78,9,1,Female,0,10,2020-04-24,Spain
Actualizacion_85_COVID-19.pdf,0-9,278,114,17,1,Male,0,10,2020-04-24,Spain
Actualizacion_85_COVID-19.pdf,10-19,871,189,13,3,Both,10,20,2020-04-24,Spain
Actualizacion_85_COVID-19.pdf,10-19,466,95,5,2,Female,10,20,2020-04-24,Spain
Actualizacion_85_COVID-19.pdf,10-19,405,94,8,1,Male,10,20,2020-04-24,Spain
Actualizacion_85_COVID-19.pdf,20-29,7981,1110,68,25,Both,20,30,2020-04-24,Spain
Actualizacion_85_COVID-19.pdf,20-29,5286,577,31,10,Female,20,30,2020-04-24,Spain
Actualizacion_85_COVID-19.pdf,20-29,2693,531,37,15,Male,20,30,2020-04-24,Spain
Actualizacion_85_COVID-19.pdf,30-39,14338,2850,209,50,Both,30,40,2020-04-24,Spain
Actualizacion_85_COVID-19.pdf,30-39,8876,1364,80,24,Female,30,40,2020-04-24,Spain
Actualizacion_85_COVID-19.pdf,30-39,5462,1486,129,26,Male,30,40,2020-04-24,Spain
Actualizacion_85_COVID-19.pdf,40-49,22476,6580,560,138,Both,40,50,2020-04-24,Spain
Actualizacion_85_COVID-19.pdf,40-49,12924,2716,178,49,Female,40,50,2020-04-24,Spain
Actualizacion_85_COVID-19.pdf,40-49,9551,3864,382,89,Male,40,50,2020-04-24,Spain
Actualizacion_85_COVID-19.pdf,50-59,27858,10776,1161,401,Both,50,60,2020-04-24,Spain
Actualizacion_85_COVID-19.pdf,50-59,15550,4349,320,121,Female,50,60,2020-04-24,Spain
Actualizacion_85_COVID-19.pdf,50-59,12306,6427,841,280,Male,50,60,2020-04-24,Spain
Actualizacion_85_COVID-19.pdf,60-69,23641,13448,1896,1152,Both,60,70,2020-04-24,Spain
Actualizacion_85_COVID-19.pdf,60-69,11118,5273,535,340,Female,60,70,2020-04-24,Spain
Actualizacion_85_COVID-19.pdf,60-69,12521,8174,1360,812,Male,60,70,2020-04-24,Spain
Actualizacion_85_COVID-19.pdf,70-79,22490,16032,1781,3375,Both,70,80,2020-04-24,Spain
Actualizacion_85_COVID-19.pdf,70-79,9742,6377,527,1028,Female,70,80,2020-04-24,Spain
Actualizacion_85_COVID-19.pdf,70-79,12748,9655,1254,2347,Male,70,80,2020-04-24,Spain
Actualizacion_85_COVID-19.pdf,80-89,22874,13654,217,5502,Both,80,90,2020-04-24,Spain
Actualizacion_85_COVID-19.pdf,80-89,12565,6404,93,2351,Female,80,90,2020-04-24,Spain
Actualizacion_85_COVID-19.pdf,80-89,10309,7250,125,3151,Male,80,90,2020-04-24,Spain
Actualizacion_85_COVID-19.pdf,90,9848,4095,28,2457,Both,90,120,2020-04-24,Spain
Actualizacion_85_COVID-19.pdf,90,6767,2406,13,1448,Female,90,120,2020-04-24,Spain
Actualizacion_85_COVID-19.pdf,90,3081,1689,15,1009,Male,90,120,2020-04-24,Spain
Actualizacion_86_COVID-19.pdf,0-9,624,213,28,2,Both,0,10,2020-04-25,Spain
Actualizacion_86_COVID-19.pdf,0-9,299,92,12,1,Female,0,10,2020-04-25,Spain
Actualizacion_86_COVID-19.pdf,0-9,330,121,17,1,Male,0,10,2020-04-25,Spain
Actualizacion_86_COVID-19.pdf,10-19,1131,215,17,4,Both,10,20,2020-04-25,Spain
Actualizacion_86_COVID-19.pdf,10-19,645,111,8,3,Female,10,20,2020-04-25,Spain
Actualizacion_86_COVID-19.pdf,10-19,499,104,9,1,Male,10,20,2020-04-25,Spain
Actualizacion_86_COVID-19.pdf,20-29,10522,1243,78,28,Both,20,30,2020-04-25,Spain
Actualizacion_86_COVID-19.pdf,20-29,7086,651,36,11,Female,20,30,2020-04-25,Spain
Actualizacion_86_COVID-19.pdf,20-29,3484,592,42,17,Male,20,30,2020-04-25,Spain
Actualizacion_86_COVID-19.pdf,30-39,17936,3203,242,54,Both,30,40,2020-04-25,Spain
Actualizacion_86_COVID-19.pdf,30-39,11271,1517,92,25,Female,30,40,2020-04-25,Spain
Actualizacion_86_COVID-19.pdf,30-39,6758,1686,150,29,Male,30,40,2020-04-25,Spain
Actualizacion_86_COVID-19.pdf,40-49,28127,7560,661,155,Both,40,50,2020-04-25,Spain
Actualizacion_86_COVID-19.pdf,40-49,16384,3121,211,57,Female,40,50,2020-04-25,Spain
Actualizacion_86_COVID-19.pdf,40-49,11895,4439,451,98,Male,40,50,2020-04-25,Spain
Actualizacion_86_COVID-19.pdf,50-59,34494,12270,1353,455,Both,50,60,2020-04-25,Spain
Actualizacion_86_COVID-19.pdf,50-59,19352,4932,382,137,Female,50,60,2020-04-25,Spain
Actualizacion_86_COVID-19.pdf,50-59,15312,7337,971,318,Male,50,60,2020-04-25,Spain
Actualizacion_86_COVID-19.pdf,60-69,29156,15305,2189,1285,Both,60,70,2020-04-25,Spain
Actualizacion_86_COVID-19.pdf,60-69,13817,6032,619,382,Female,60,70,2020-04-25,Spain
Actualizacion_86_COVID-19.pdf,60-69,15473,9272,1569,903,Male,60,70,2020-04-25,Spain
Actualizacion_86_COVID-19.pdf,70-79,28447,18409,2000,3751,Both,70,80,2020-04-25,Spain
Actualizacion_86_COVID-19.pdf,70-79,12560,7344,593,1167,Female,70,80,2020-04-25,Spain
Actualizacion_86_COVID-19.pdf,70-79,16044,11065,1407,2584,Male,70,80,2020-04-25,Spain
Actualizacion_86_COVID-19.pdf,80-89,30236,15427,263,6144,Both,80,90,2020-04-25,Spain
Actualizacion_86_COVID-19.pdf,80-89,17056,7175,112,2640,Female,80,90,2020-04-25,Spain
Actualizacion_86_COVID-19.pdf,80-89,13274,8251,153,3504,Male,80,90,2020-04-25,Spain
Actualizacion_86_COVID-19.pdf,90,13660,4585,32,2751,Both,90,120,2020-04-25,Spain
Actualizacion_86_COVID-19.pdf,90,9717,2730,17,1638,Female,90,120,2020-04-25,Spain
Actualizacion_86_COVID-19.pdf,90,3973,1855,15,1113,Male,90,120,2020-04-25,Spain
Actualizacion_87_COVID-19.pdf,0-9,634,213,28,2,Both,0,10,2020-04-26,Spain
Actualizacion_87_COVID-19.pdf,0-9,302,93,12,1,Female,0,10,2020-04-26,Spain
Actualizacion_87_COVID-19.pdf,0-9,337,120,17,1,Male,0,10,2020-04-26,Spain
Actualizacion_87_COVID-19.pdf,10-19,1129,216,17,4,Both,10,20,2020-04-26,Spain
Actualizacion_87_COVID-19.pdf,10-19,643,110,8,3,Female,10,20,2020-04-26,Spain
Actualizacion_87_COVID-19.pdf,10-19,499,106,9,1,Male,10,20,2020-04-26,Spain
Actualizacion_87_COVID-19.pdf,20-29,10556,1239,78,28,Both,20,30,2020-04-26,Spain
Actualizacion_87_COVID-19.pdf,20-29,7101,646,36,11,Female,20,30,2020-04-26,Spain
Actualizacion_87_COVID-19.pdf,20-29,3503,593,42,17,Male,20,30,2020-04-26,Spain
Actualizacion_87_COVID-19.pdf,30-39,17976,3214,240,54,Both,30,40,2020-04-26,Spain
Actualizacion_87_COVID-19.pdf,30-39,11297,1518,89,25,Female,30,40,2020-04-26,Spain
Actualizacion_87_COVID-19.pdf,30-39,6772,1696,151,29,Male,30,40,2020-04-26,Spain
Actualizacion_87_COVID-19.pdf,40-49,28198,7600,661,155,Both,40,50,2020-04-26,Spain
Actualizacion_87_COVID-19.pdf,40-49,16440,3126,208,57,Female,40,50,2020-04-26,Spain
Actualizacion_87_COVID-19.pdf,40-49,11910,4474,454,98,Male,40,50,2020-04-26,Spain
Actualizacion_87_COVID-19.pdf,50-59,34610,12338,1350,455,Both,50,60,2020-04-26,Spain
Actualizacion_87_COVID-19.pdf,50-59,19445,4961,384,137,Female,50,60,2020-04-26,Spain
Actualizacion_87_COVID-19.pdf,50-59,15334,7375,966,318,Male,50,60,2020-04-26,Spain
Actualizacion_87_COVID-19.pdf,60-69,29230,15427,2201,1288,Both,60,70,2020-04-26,Spain
Actualizacion_87_COVID-19.pdf,60-69,13852,6070,612,382,Female,60,70,2020-04-26,Spain
Actualizacion_87_COVID-19.pdf,60-69,15509,9354,1588,906,Male,60,70,2020-04-26,Spain
Actualizacion_87_COVID-19.pdf,70-79,28499,18577,2004,3763,Both,70,80,2020-04-26,Spain
Actualizacion_87_COVID-19.pdf,70-79,12583,7406,598,1169,Female,70,80,2020-04-26,Spain
Actualizacion_87_COVID-19.pdf,70-79,16072,11170,1406,2594,Male,70,80,2020-04-26,Spain
Actualizacion_87_COVID-19.pdf,80-89,30335,15488,269,6151,Both,80,90,2020-04-26,Spain
Actualizacion_87_COVID-19.pdf,80-89,17116,7193,118,2641,Female,80,90,2020-04-26,Spain
Actualizacion_87_COVID-19.pdf,80-89,13312,8293,153,3510,Male,80,90,2020-04-26,Spain
Actualizacion_87_COVID-19.pdf,90,13699,4593,31,2767,Both,90,120,2020-04-26,Spain
Actualizacion_87_COVID-19.pdf,90,9751,2735,17,1650,Female,90,120,2020-04-26,Spain
Actualizacion_87_COVID-19.pdf,90,3978,1858,14,1117,Male,90,120,2020-04-26,Spain
Actualizacion_88_COVID-19.pdf,0-9,657,227,31,2,Both,0,10,2020-04-27,Spain
Actualizacion_88_COVID-19.pdf,0-9,308,98,11,1,Female,0,10,2020-04-27,Spain
Actualizacion_88_COVID-19.pdf,0-9,354,129,21,1,Male,0,10,2020-04-27,Spain
Actualizacion_88_COVID-19.pdf,10-19,1201,234,17,4,Both,10,20,2020-04-27,Spain
Actualizacion_88_COVID-19.pdf,10-19,677,121,8,3,Female,10,20,2020-04-27,Spain
Actualizacion_88_COVID-19.pdf,10-19,537,113,9,1,Male,10,20,2020-04-27,Spain
Actualizacion_88_COVID-19.pdf,20-29,11087,1317,83,22,Both,20,30,2020-04-27,Spain
Actualizacion_88_COVID-19.pdf,20-29,7452,692,38,8,Female,20,30,2020-04-27,Spain
Actualizacion_88_COVID-19.pdf,20-29,3683,625,45,14,Male,20,30,2020-04-27,Spain
Actualizacion_88_COVID-19.pdf,30-39,18866,3420,249,54,Both,30,40,2020-04-27,Spain
Actualizacion_88_COVID-19.pdf,30-39,11890,1633,93,21,Female,30,40,2020-04-27,Spain
Actualizacion_88_COVID-19.pdf,30-39,7069,1787,156,33,Male,30,40,2020-04-27,Spain
Actualizacion_88_COVID-19.pdf,40-49,29547,8039,693,170,Both,40,50,2020-04-27,Spain
Actualizacion_88_COVID-19.pdf,40-49,17329,3320,214,60,Female,40,50,2020-04-27,Spain
Actualizacion_88_COVID-19.pdf,40-49,12370,4719,480,110,Male,40,50,2020-04-27,Spain
Actualizacion_88_COVID-19.pdf,50-59,36353,13035,1434,495,Both,50,60,2020-04-27,Spain
Actualizacion_88_COVID-19.pdf,50-59,20542,5279,414,146,Female,50,60,2020-04-27,Spain
Actualizacion_88_COVID-19.pdf,50-59,15979,7754,1020,349,Male,50,60,2020-04-27,Spain
Actualizacion_88_COVID-19.pdf,60-69,30314,16226,2316,1380,Both,60,70,2020-04-27,Spain
Actualizacion_88_COVID-19.pdf,60-69,14409,6386,647,407,Female,60,70,2020-04-27,Spain
Actualizacion_88_COVID-19.pdf,60-69,16036,9837,1668,973,Male,60,70,2020-04-27,Spain
Actualizacion_88_COVID-19.pdf,70-79,29517,19431,2066,4003,Both,70,80,2020-04-27,Spain
Actualizacion_88_COVID-19.pdf,70-79,13109,7774,625,1257,Female,70,80,2020-04-27,Spain
Actualizacion_88_COVID-19.pdf,70-79,16564,11656,1441,2746,Male,70,80,2020-04-27,Spain
Actualizacion_88_COVID-19.pdf,80-89,32109,16568,291,6584,Both,80,90,2020-04-27,Spain
Actualizacion_88_COVID-19.pdf,80-89,18285,7771,130,2832,Female,80,90,2020-04-27,Spain
Actualizacion_88_COVID-19.pdf,80-89,13917,8795,163,3752,Male,80,90,2020-04-27,Spain
Actualizacion_88_COVID-19.pdf,90,14726,5093,38,3050,Both,90,120,2020-04-27,Spain
Actualizacion_88_COVID-19.pdf,90,10491,3047,22,1808,Female,90,120,2020-04-27,Spain
Actualizacion_88_COVID-19.pdf,90,4265,2046,16,1242,Male,90,120,2020-04-27,Spain
Actualizacion_89_COVID-19.pdf,0-9,660,229,31,2,Both,0,10,2020-04-28,Spain
Actualizacion_89_COVID-19.pdf,0-9,304,99,11,1,Female,0,10,2020-04-28,Spain
Actualizacion_89_COVID-19.pdf,0-9,356,130,21,1,Male,0,10,2020-04-28,Spain
Actualizacion_89_COVID-19.pdf,10-19,1206,235,17,4,Both,10,20,2020-04-28,Spain
Actualizacion_89_COVID-19.pdf,10-19,668,121,8,3,Female,10,20,2020-04-28,Spain
Actualizacion_89_COVID-19.pdf,10-19,538,114,9,1,Male,10,20,2020-04-28,Spain
Actualizacion_89_COVID-19.pdf,20-29,11138,1324,83,22,Both,20,30,2020-04-28,Spain
Actualizacion_89_COVID-19.pdf,20-29,7437,696,38,8,Female,20,30,2020-04-28,Spain
Actualizacion_89_COVID-19.pdf,20-29,3701,628,45,14,Male,20,30,2020-04-28,Spain
Actualizacion_89_COVID-19.pdf,30-39,18924,3429,250,55,Both,30,40,2020-04-28,Spain
Actualizacion_89_COVID-19.pdf,30-39,11841,1638,94,22,Female,30,40,2020-04-28,Spain
Actualizacion_89_COVID-19.pdf,30-39,7083,1791,156,33,Male,30,40,2020-04-28,Spain
Actualizacion_89_COVID-19.pdf,40-49,29629,8048,694,172,Both,40,50,2020-04-28,Spain
Actualizacion_89_COVID-19.pdf,40-49,17230,3324,215,62,Female,40,50,2020-04-28,Spain
Actualizacion_89_COVID-19.pdf,40-49,12398,4724,480,110,Male,40,50,2020-04-28,Spain
Actualizacion_89_COVID-19.pdf,50-59,36423,13049,1435,497,Both,50,60,2020-04-28,Spain
Actualizacion_89_COVID-19.pdf,50-59,20412,5282,416,146,Female,50,60,2020-04-28,Spain
Actualizacion_89_COVID-19.pdf,50-59,16009,7765,1020,351,Male,50,60,2020-04-28,Spain
Actualizacion_89_COVID-19.pdf,60-69,30361,16241,2320,1387,Both,60,70,2020-04-28,Spain
Actualizacion_89_COVID-19.pdf,60-69,14303,6392,646,409,Female,60,70,2020-04-28,Spain
Actualizacion_89_COVID-19.pdf,60-69,16054,9846,1673,978,Male,60,70,2020-04-28,Spain
Actualizacion_89_COVID-19.pdf,70-79,29550,19451,2069,4012,Both,70,80,2020-04-28,Spain
Actualizacion_89_COVID-19.pdf,70-79,12974,7781,625,1259,Female,70,80,2020-04-28,Spain
Actualizacion_89_COVID-19.pdf,70-79,16575,11669,1444,2753,Male,70,80,2020-04-28,Spain
Actualizacion_89_COVID-19.pdf,80-89,32198,16602,292,6621,Both,80,90,2020-04-28,Spain
Actualizacion_89_COVID-19.pdf,80-89,18264,7794,130,2852,Female,80,90,2020-04-28,Spain
Actualizacion_89_COVID-19.pdf,80-89,13932,8806,163,3769,Male,80,90,2020-04-28,Spain
Actualizacion_89_COVID-19.pdf,90,14777,5112,38,3081,Both,90,120,2020-04-28,Spain
Actualizacion_89_COVID-19.pdf,90,10499,3060,22,1830,Female,90,120,2020-04-28,Spain
Actualizacion_89_COVID-19.pdf,90,4278,2052,16,1251,Male,90,120,2020-04-28,Spain
